"Id","Season","Week","NeutralSite","HomeId","HomeTeam","HomePoints","AwayId","AwayTeam","AwayPoints"
"401218616","2020","1","true","2110","Central Arkansas","24","2046","Austin Peay","17"
"401238035","2020","1","false","5","UAB","45","2110","Central Arkansas","35"
"401207101","2020","1","false","2572","Southern Miss","21","6","South Alabama","32"
"401237353","2020","1","false","276","Marshall","59","2198","Eastern Kentucky","0"
"401235700","2020","1","false","349","Army","42","2393","Middle Tennessee","0"
"401212484","2020","1","false","326","Texas State","24","2567","SMU","31"
"401207098","2020","1","false","249","North Texas","57","2277","Houston Christian","31"
"401212553","2020","1","false","235","Memphis","37","2032","Arkansas State","24"
"401239884","2020","1","false","2638","UTEP","24","2617","Stephen F. Austin","14"
"401234576","2020","1","false","2426","Navy","3","252","BYU","55"
"401234559","2020","2","false","2390","Miami","31","5","UAB","14"
"401234565","2020","2","false","153","North Carolina","31","183","Syracuse","6"
"401236221","2020","2","false","66","Iowa State","14","309","Louisiana","31"
"401236081","2020","2","false","2026","App State","35","2429","Charlotte","20"
"401236053","2020","2","false","2306","Kansas State","31","2032","Arkansas State","35"
"401236038","2020","2","false","277","West Virginia","56","2198","Eastern Kentucky","10"
"401240113","2020","2","false","349","Army","37","2433","UL Monroe","7"
"401234574","2020","2","false","87","Notre Dame","27","150","Duke","13"
"401207113","2020","2","false","326","Texas State","48","2636","UTSA","51"
"401234563","2020","2","false","52","Florida State","13","59","Georgia Tech","16"
"401240233","2020","2","false","221","Pittsburgh","55","2046","Austin Peay","0"
"401215298","2020","2","false","290","Georgia Southern","27","2097","Campbell","26"
"401236054","2020","2","false","201","Oklahoma","48","2623","Missouri State","0"
"401240039","2020","2","false","58","South Florida","27","2643","The Citadel","6"
"401234562","2020","2","false","154","Wake Forest","13","228","Clemson","37"
"401239973","2020","2","false","6","South Alabama","24","2655","Tulane","27"
"401236222","2020","2","false","251","Texas","59","2638","UTEP","3"
"401234564","2020","2","false","97","Louisville","35","98","Western Kentucky","21"
"401236039","2020","2","false","2641","Texas Tech","35","2277","Houston Christian","33"
"401236658","2020","2","false","2305","Kansas","23","324","Coastal Carolina","38"
"401240126","2020","3","false","324","Coastal Carolina","43","2097","Campbell","21"
"401212541","2020","3","false","2132","Cincinnati","55","2046","Austin Peay","20"
"401234567","2020","3","false","150","Duke","6","103","Boston College","26"
"401234571","2020","3","false","221","Pittsburgh","21","183","Syracuse","10"
"401207124","2020","3","false","98","Western Kentucky","24","2335","Liberty","30"
"401215301","2020","3","false","2247","Georgia State","31","309","Louisiana","34"
"401212522","2020","3","false","2655","Tulane","24","2426","Navy","27"
"401236041","2020","3","false","197","Oklahoma State","16","202","Tulsa","7"
"401241282","2020","3","false","87","Notre Dame","52","58","South Florida","0"
"401234568","2020","3","false","59","Georgia Tech","21","2116","UCF","49"
"401240041","2020","3","false","2636","UTSA","24","2617","Stephen F. Austin","10"
"401236939","2020","3","false","276","Marshall","17","2026","App State","7"
"401240640","2020","3","false","2393","Middle Tennessee","14","2653","Troy","47"
"401237492","2020","3","false","228","Clemson","49","2643","The Citadel","0"
"401207120","2020","3","false","249","North Texas","35","2567","SMU","65"
"401234569","2020","3","false","97","Louisville","34","2390","Miami","47"
"401207106","2020","3","false","2572","Southern Miss","30","2348","Louisiana Tech","31"
"401215302","2020","3","false","2433","UL Monroe","17","326","Texas State","38"
"401234570","2020","3","false","152","NC State","45","154","Wake Forest","42"
"401239885","2020","3","false","2638","UTEP","17","2000","Abilene Christian","13"
"401207132","2020","4","false","6","South Alabama","10","5","UAB","42"
"401207134","2020","4","false","2636","UTSA","37","2393","Middle Tennessee","35"
"401237034","2020","4","false","2","Auburn","29","96","Kentucky","13"
"401236253","2020","4","false","2026","App State","52","2097","Campbell","21"
"401215303","2020","4","false","309","Louisiana","20","290","Georgia Southern","18"
"401212536","2020","4","false","151","East Carolina","28","2116","UCF","51"
"401234594","2020","4","false","183","Syracuse","37","59","Georgia Tech","20"
"401234595","2020","4","false","221","Pittsburgh","23","97","Louisville","20"
"401235996","2020","4","false","201","Oklahoma","35","2306","Kansas State","38"
"401236952","2020","4","false","145","Ole Miss","35","57","Florida","51"
"401237493","2020","4","false","2643","The Citadel","14","2198","Eastern Kentucky","37"
"401207126","2020","4","false","2335","Liberty","36","2229","Florida International","34"
"401235994","2020","4","false","2628","TCU","34","66","Iowa State","37"
"401235997","2020","4","false","197","Oklahoma State","27","277","West Virginia","13"
"401240194","2020","4","false","2433","UL Monroe","6","2638","UTEP","31"
"401237035","2020","4","false","99","LSU","34","344","Mississippi State","44"
"401240996","2020","4","false","2132","Cincinnati","24","349","Army","10"
"401235995","2020","4","false","2641","Texas Tech","56","251","Texas","63"
"401234638","2020","4","false","258","Virginia","38","150","Duke","20"
"401237033","2020","4","false","8","Arkansas","10","61","Georgia","37"
"401241303","2020","4","false","103","Boston College","24","326","Texas State","21"
"401236951","2020","4","false","142","Missouri","19","333","Alabama","38"
"401234734","2020","4","false","2572","Southern Miss","24","2655","Tulane","66"
"401212485","2020","4","false","2567","SMU","50","2617","Stephen F. Austin","7"
"401232157","2020","4","false","2348","Louisiana Tech","66","2277","Houston Christian","38"
"401237037","2020","4","false","245","Texas A&M","17","238","Vanderbilt","12"
"401237036","2020","4","false","2579","South Carolina","27","2633","Tennessee","31"
"401235993","2020","4","false","239","Baylor","47","2305","Kansas","14"
"401234593","2020","4","false","2390","Miami","52","52","Florida State","10"
"401234566","2020","4","false","259","Virginia Tech","45","152","NC State","24"
"401236381","2020","4","false","2110","Central Arkansas","27","2623","Missouri State","20"
"401236223","2020","4","false","252","BYU","48","2653","Troy","7"
"401240282","2020","5","false","154","Wake Forest","66","2097","Campbell","14"
"401246275","2020","5","false","252","BYU","45","2348","Louisiana Tech","14"
"401234600","2020","5","false","221","Pittsburgh","29","152","NC State","30"
"401235998","2020","5","false","277","West Virginia","27","239","Baylor","21"
"401237099","2020","5","false","2633","Tennessee","35","142","Missouri","12"
"401237096","2020","5","false","57","Florida","38","2579","South Carolina","24"
"401236002","2020","5","false","251","Texas","31","2628","TCU","33"
"401212547","2020","5","false","2247","Georgia State","49","151","East Carolina","29"
"401215304","2020","5","false","324","Coastal Carolina","52","2032","Arkansas State","23"
"401207141","2020","5","false","5","UAB","21","2636","UTSA","13"
"401237513","2020","5","false","2335","Liberty","28","2453","North Alabama","7"
"401240040","2020","5","false","349","Army","55","2000","Abilene Christian","23"
"401246566","2020","5","false","2198","Eastern Kentucky","30","2277","Houston Christian","33"
"401240124","2020","5","false","2449","North Dakota State","39","2110","Central Arkansas","28"
"401237093","2020","5","false","333","Alabama","52","245","Texas A&M","24"
"401212486","2020","5","false","2567","SMU","30","235","Memphis","27"
"401234597","2020","5","false","103","Boston College","22","153","North Carolina","26"
"401236001","2020","5","false","2306","Kansas State","31","2641","Texas Tech","21"
"401212476","2020","5","false","2132","Cincinnati","28","58","South Florida","7"
"401236000","2020","5","false","2305","Kansas","7","197","Oklahoma State","47"
"401238034","2020","5","false","52","Florida State","41","55","Jacksonville State","24"
"401237097","2020","5","false","96","Kentucky","41","145","Ole Miss","42"
"401234599","2020","5","false","150","Duke","31","259","Virginia Tech","38"
"401207136","2020","5","false","2226","Florida Atlantic","21","2429","Charlotte","17"
"401207138","2020","5","false","2393","Middle Tennessee","17","98","Western Kentucky","20"
"401240042","2020","5","false","2617","Stephen F. Austin","34","2704","West Texas A&M","6"
"401212557","2020","5","false","2005","Air Force","40","2426","Navy","7"
"401215305","2020","5","false","2433","UL Monroe","30","290","Georgia Southern","35"
"401237095","2020","5","false","61","Georgia","27","2","Auburn","6"
"401237094","2020","5","false","344","Mississippi State","14","8","Arkansas","21"
"401212531","2020","5","false","2116","UCF","26","202","Tulsa","34"
"401237098","2020","5","false","238","Vanderbilt","7","99","LSU","41"
"401235999","2020","5","false","66","Iowa State","37","201","Oklahoma","30"
"401207139","2020","5","false","249","North Texas","31","2572","Southern Miss","41"
"401234598","2020","5","false","228","Clemson","41","258","Virginia","23"
"401212523","2020","6","false","248","Houston","49","2655","Tulane","31"
"401234601","2020","6","false","59","Georgia Tech","46","97","Louisville","27"
"401236005","2020","6","true","201","Oklahoma","53","251","Texas","45"
"401234608","2020","6","false","258","Virginia","21","152","NC State","38"
"401237102","2020","6","false","245","Texas A&M","41","57","Florida","38"
"401207215","2020","6","false","2335","Liberty","40","2433","UL Monroe","7"
"401237106","2020","6","false","238","Vanderbilt","7","2579","South Carolina","41"
"401237105","2020","6","false","99","LSU","41","142","Missouri","45"
"401234607","2020","6","false","153","North Carolina","56","259","Virginia Tech","45"
"401234605","2020","6","false","183","Syracuse","24","150","Duke","38"
"401240114","2020","6","false","349","Army","14","2643","The Citadel","9"
"401240117","2020","6","false","55","Jacksonville State","34","2382","Mercer","28"
"401237103","2020","6","false","61","Georgia","44","2633","Tennessee","21"
"401215308","2020","6","false","2653","Troy","37","326","Texas State","17"
"401236003","2020","6","false","66","Iowa State","31","2641","Texas Tech","15"
"401240997","2020","6","false","252","BYU","27","2636","UTSA","20"
"401246425","2020","6","false","2032","Arkansas State","50","2110","Central Arkansas","27"
"401234603","2020","6","false","103","Boston College","31","221","Pittsburgh","30"
"401236004","2020","6","false","2628","TCU","14","2306","Kansas State","21"
"401207143","2020","6","false","2229","Florida International","28","2393","Middle Tennessee","31"
"401237101","2020","6","false","2","Auburn","30","8","Arkansas","28"
"401212515","2020","6","false","2426","Navy","31","218","Temple","29"
"401212477","2020","6","false","58","South Florida","24","151","East Carolina","44"
"401237104","2020","6","false","96","Kentucky","24","344","Mississippi State","2"
"401207145","2020","6","false","2348","Louisiana Tech","21","2638","UTEP","17"
"401234604","2020","6","false","228","Clemson","42","2390","Miami","17"
"401237100","2020","6","false","145","Ole Miss","48","333","Alabama","63"
"401234606","2020","6","false","87","Notre Dame","42","52","Florida State","26"
"401207146","2020","6","false","98","Western Kentucky","14","276","Marshall","38"
"401207142","2020","6","false","249","North Texas","21","2429","Charlotte","49"
"401215311","2020","7","false","309","Louisiana","27","324","Coastal Carolina","30"
"401215310","2020","7","false","2032","Arkansas State","59","2247","Georgia State","52"
"401212487","2020","7","false","2655","Tulane","34","2567","SMU","37"
"401212551","2020","7","false","248","Houston","26","252","BYU","43"
"401237109","2020","7","false","2579","South Carolina","30","2","Auburn","22"
"401234615","2020","7","false","183","Syracuse","21","2335","Liberty","38"
"401212548","2020","7","false","151","East Carolina","23","2426","Navy","27"
"401234614","2020","7","false","2390","Miami","31","221","Pittsburgh","19"
"401212478","2020","7","false","218","Temple","39","58","South Florida","37"
"401215313","2020","7","false","6","South Alabama","30","326","Texas State","20"
"401234610","2020","7","false","59","Georgia Tech","7","228","Clemson","73"
"401236007","2020","7","false","277","West Virginia","38","2305","Kansas","17"
"401237111","2020","7","false","2633","Tennessee","7","96","Kentucky","34"
"401207153","2020","7","false","5","UAB","37","98","Western Kentucky","14"
"401240115","2020","7","false","2636","UTSA","16","349","Army","28"
"401240034","2020","7","false","2453","North Alabama","17","55","Jacksonville State","24"
"401234613","2020","7","false","87","Notre Dame","12","97","Louisville","7"
"401234611","2020","7","false","152","NC State","31","150","Duke","20"
"401212537","2020","7","false","235","Memphis","50","2116","UCF","49"
"401237108","2020","7","false","8","Arkansas","33","145","Ole Miss","21"
"401239872","2020","7","false","2653","Troy","31","2198","Eastern Kentucky","29"
"401250215","2020","7","false","290","Georgia Southern","41","113","Massachusetts","0"
"401234616","2020","7","false","154","Wake Forest","40","258","Virginia","23"
"401237112","2020","7","false","344","Mississippi State","14","245","Texas A&M","28"
"401207150","2020","7","false","2393","Middle Tennessee","35","249","North Texas","52"
"401249652","2020","7","false","2617","Stephen F. Austin","31","2025","Angelo State","12"
"401207149","2020","7","false","2348","Louisiana Tech","17","276","Marshall","35"
"401234612","2020","7","false","52","Florida State","31","153","North Carolina","28"
"401234609","2020","7","false","259","Virginia Tech","40","103","Boston College","14"
"401236382","2020","7","false","2623","Missouri State","24","2110","Central Arkansas","33"
"401237107","2020","7","false","333","Alabama","41","61","Georgia","24"
"401240642","2020","8","false","2026","App State","45","2032","Arkansas State","17"
"401250783","2020","8","false","2229","Florida International","10","55","Jacksonville State","19"
"401212479","2020","8","false","58","South Florida","13","202","Tulsa","42"
"401247297","2020","8","false","275","Wisconsin","45","356","Illinois","7"
"401238036","2020","8","false","5","UAB","20","309","Louisiana","24"
"401234619","2020","8","false","97","Louisville","48","52","Florida State","16"
"401236011","2020","8","false","2628","TCU","14","201","Oklahoma","33"
"401247299","2020","8","false","127","Michigan State","27","164","Rutgers","38"
"401236010","2020","8","false","2306","Kansas State","55","2305","Kansas","14"
"401234618","2020","8","false","228","Clemson","47","183","Syracuse","21"
"401207154","2020","8","false","2429","Charlotte","38","2638","UTEP","28"
"401215316","2020","8","false","324","Coastal Carolina","28","290","Georgia Southern","14"
"401237115","2020","8","false","145","Ole Miss","28","2","Auburn","35"
"401212516","2020","8","false","235","Memphis","41","218","Temple","29"
"401247293","2020","8","false","194","Ohio State","52","158","Nebraska","17"
"401240116","2020","8","false","349","Army","49","2382","Mercer","3"
"401234621","2020","8","false","153","North Carolina","48","152","NC State","21"
"401207160","2020","8","false","2335","Liberty","56","2572","Southern Miss","35"
"401248039","2020","8","true","2617","Stephen F. Austin","35","2000","Abilene Christian","32"
"401212524","2020","8","false","2116","UCF","51","2655","Tulane","34"
"401207156","2020","8","false","276","Marshall","20","2226","Florida Atlantic","9"
"401239871","2020","8","false","2198","Eastern Kentucky","31","2110","Central Arkansas","28"
"401247295","2020","8","false","84","Indiana","36","213","Penn State","35"
"401234623","2020","8","false","154","Wake Forest","23","259","Virginia Tech","16"
"401207158","2020","8","false","242","Rice","34","2393","Middle Tennessee","40"
"401237114","2020","8","false","2633","Tennessee","17","333","Alabama","48"
"401236008","2020","8","false","251","Texas","27","239","Baylor","16"
"401212552","2020","8","false","2426","Navy","21","248","Houston","37"
"401236009","2020","8","false","197","Oklahoma State","24","66","Iowa State","21"
"401247296","2020","8","false","2509","Purdue","24","2294","Iowa","20"
"401234622","2020","8","false","221","Pittsburgh","3","87","Notre Dame","45"
"401237122","2020","8","false","142","Missouri","20","96","Kentucky","10"
"401234617","2020","8","false","103","Boston College","48","59","Georgia Tech","27"
"401215317","2020","8","false","2653","Troy","34","2247","Georgia State","36"
"401207102","2020","8","false","98","Western Kentucky","13","236","Chattanooga","10"
"401236012","2020","8","false","2641","Texas Tech","34","277","West Virginia","27"
"401250784","2020","8","false","6","South Alabama","38","2433","UL Monroe","14"
"401248998","2020","8","false","2440","Nevada","37","2751","Wyoming","34"
"401237118","2020","8","false","99","LSU","52","2579","South Carolina","24"
"401248997","2020","8","false","68","Boise State","42","328","Utah State","13"
"401247298","2020","8","false","77","Northwestern","43","120","Maryland","3"
"401248994","2020","8","false","278","Fresno State","19","62","Hawai'i","34"
"401247294","2020","8","false","135","Minnesota","24","130","Michigan","49"
"401207157","2020","8","false","2636","UTSA","27","2348","Louisiana Tech","26"
"401234620","2020","8","false","2390","Miami","19","258","Virginia","14"
"401212488","2020","8","false","2567","SMU","13","2132","Cincinnati","42"
"401240998","2020","8","false","252","BYU","52","326","Texas State","14"
"401248996","2020","8","false","21","San Diego State","34","2439","UNLV","6"
"401248993","2020","8","false","23","San José State","17","2005","Air Force","6"
"401215321","2020","9","false","290","Georgia Southern","24","6","South Alabama","17"
"401249000","2020","9","false","278","Fresno State","38","36","Colorado State","17"
"401247675","2020","9","false","79","Southern Illinois","20","2546","Southeast Missouri State","17"
"401247302","2020","9","false","120","Maryland","45","135","Minnesota","44"
"401212533","2020","9","false","202","Tulsa","34","151","East Carolina","30"
"401249001","2020","9","false","2751","Wyoming","31","62","Hawai'i","7"
"401207162","2020","9","false","2226","Florida Atlantic","24","2636","UTSA","3"
"401212543","2020","9","false","2132","Cincinnati","49","235","Memphis","10"
"401234629","2020","9","false","183","Syracuse","14","154","Wake Forest","38"
"401212517","2020","9","false","2655","Tulane","38","218","Temple","3"
"401247301","2020","9","false","356","Illinois","24","2509","Purdue","31"
"401247305","2020","9","false","130","Michigan","24","127","Michigan State","27"
"401237117","2020","9","false","96","Kentucky","3","61","Georgia","14"
"401234624","2020","9","false","228","Clemson","34","103","Boston College","28"
"401236014","2020","9","false","2305","Kansas","22","66","Iowa State","52"
"401236015","2020","9","false","277","West Virginia","37","2306","Kansas State","10"
"401215318","2020","9","false","2247","Georgia State","0","324","Coastal Carolina","51"
"401212538","2020","9","false","248","Houston","21","2116","UCF","44"
"401248073","2020","9","false","2382","Mercer","17","2000","Abilene Christian","20"
"401207166","2020","9","false","2572","Southern Miss","6","242","Rice","30"
"401215320","2020","9","false","2032","Arkansas State","10","2653","Troy","38"
"401250213","2020","9","false","2617","Stephen F. Austin","64","2714","Western Colorado","7"
"401237121","2020","9","false","2","Auburn","48","99","LSU","11"
"401247303","2020","9","false","2294","Iowa","20","77","Northwestern","21"
"401247300","2020","9","false","164","Rutgers","21","84","Indiana","37"
"401234626","2020","9","false","59","Georgia Tech","13","87","Notre Dame","31"
"401207163","2020","9","false","2348","Louisiana Tech","37","5","UAB","34"
"401236013","2020","9","false","239","Baylor","23","2628","TCU","33"
"401215319","2020","9","false","2433","UL Monroe","13","2026","App State","31"
"401236017","2020","9","false","197","Oklahoma State","34","251","Texas","41"
"401234627","2020","9","false","97","Louisville","35","259","Virginia Tech","42"
"401239873","2020","9","false","2110","Central Arkansas","52","137","Missouri Western","10"
"401237123","2020","9","false","238","Vanderbilt","21","145","Ole Miss","54"
"401248999","2020","9","false","2005","Air Force","30","68","Boise State","49"
"401249003","2020","9","false","167","New Mexico","21","23","San José State","38"
"401237119","2020","9","false","333","Alabama","41","344","Mississippi State","0"
"401234625","2020","9","false","150","Duke","53","2429","Charlotte","19"
"401237116","2020","9","false","57","Florida","41","142","Missouri","17"
"401247306","2020","9","false","213","Penn State","25","194","Ohio State","38"
"401212489","2020","9","false","2567","SMU","51","2426","Navy","37"
"401237120","2020","9","false","245","Texas A&M","42","8","Arkansas","31"
"401234628","2020","9","false","258","Virginia","44","153","North Carolina","41"
"401215322","2020","9","false","326","Texas State","34","309","Louisiana","44"
"401236016","2020","9","false","2641","Texas Tech","28","201","Oklahoma","62"
"401249004","2020","9","false","328","Utah State","7","21","San Diego State","38"
"401239887","2020","9","false","252","BYU","41","98","Western Kentucky","10"
"401249002","2020","9","false","2439","UNLV","19","2440","Nevada","37"
"401249857","2020","10","false","2006","Akron","13","2711","Western Michigan","58"
"401249856","2020","10","false","2309","Kent State","27","2199","Eastern Michigan","23"
"401249889","2020","10","false","193","Miami (OH)","38","2050","Ball State","31"
"401249860","2020","10","false","2117","Central Michigan","30","195","Ohio","27"
"401249859","2020","10","false","2459","Northern Illinois","30","2084","Buffalo","49"
"401249858","2020","10","false","2649","Toledo","38","189","Bowling Green","3"
"401249009","2020","10","false","2440","Nevada","34","328","Utah State","9"
"401249010","2020","10","false","36","Colorado State","34","2751","Wyoming","24"
"401234630","2020","10","false","152","NC State","41","2390","Miami","44"
"401249008","2020","10","false","21","San Diego State","17","23","San José State","28"
"401249005","2020","10","false","68","Boise State","17","252","BYU","51"
"401247307","2020","10","false","77","Northwestern","21","158","Nebraska","13"
"401247313","2020","10","false","2294","Iowa","49","127","Michigan State","7"
"401215327","2020","10","false","2247","Georgia State","52","2433","UL Monroe","34"
"401249400","2020","10","false","30","USC","28","9","Arizona State","27"
"401247309","2020","10","false","84","Indiana","38","130","Michigan","21"
"401253924","2020","10","false","309","Louisiana","27","2032","Arkansas State","20"
"401212490","2020","10","false","218","Temple","23","2567","SMU","47"
"401236022","2020","10","false","251","Texas","17","277","West Virginia","13"
"401234636","2020","10","false","259","Virginia Tech","35","2335","Liberty","38"
"401234633","2020","10","false","150","Duke","24","153","North Carolina","56"
"401212480","2020","10","false","235","Memphis","34","58","South Florida","33"
"401212525","2020","10","false","151","East Carolina","21","2655","Tulane","38"
"401215326","2020","10","false","290","Georgia Southern","20","2653","Troy","13"
"401234631","2020","10","false","183","Syracuse","13","103","Boston College","16"
"401251931","2020","10","false","276","Marshall","51","113","Massachusetts","10"
"401215324","2020","10","false","326","Texas State","17","2026","App State","38"
"401239874","2020","10","false","2198","Eastern Kentucky","6","2617","Stephen F. Austin","24"
"401240035","2020","10","false","2572","Southern Miss","24","2453","North Alabama","13"
"401249006","2020","10","false","2439","UNLV","27","278","Fresno State","40"
"401237125","2020","10","true","61","Georgia","28","57","Florida","44"
"401236021","2020","10","false","2628","TCU","34","2641","Texas Tech","18"
"401236019","2020","10","false","201","Oklahoma","62","2305","Kansas","9"
"401247308","2020","10","false","356","Illinois","14","135","Minnesota","41"
"401237126","2020","10","false","344","Mississippi State","24","238","Vanderbilt","17"
"401247312","2020","10","false","213","Penn State","19","120","Maryland","35"
"401212544","2020","10","false","2132","Cincinnati","38","248","Houston","10"
"401248273","2020","10","false","2000","Abilene Christian","21","2025","Angelo State","34"
"401234634","2020","10","false","52","Florida State","17","221","Pittsburgh","41"
"401236020","2020","10","false","2306","Kansas State","18","197","Oklahoma State","20"
"401207169","2020","10","false","2226","Florida Atlantic","10","98","Western Kentucky","6"
"401237127","2020","10","false","2579","South Carolina","3","245","Texas A&M","48"
"401249402","2020","10","false","38","Colorado","48","26","UCLA","42"
"401236018","2020","10","false","66","Iowa State","38","239","Baylor","31"
"401247310","2020","10","false","194","Ohio State","49","164","Rutgers","27"
"401249399","2020","10","false","2483","Oregon","35","24","Stanford","14"
"401237124","2020","10","false","8","Arkansas","24","2633","Tennessee","13"
"401234632","2020","10","false","87","Notre Dame","47","228","Clemson","40"
"401215325","2020","10","false","324","Coastal Carolina","23","6","South Alabama","6"
"401249397","2020","10","false","204","Oregon State","28","265","Washington State","38"
"401249007","2020","10","false","62","Hawai'i","39","167","New Mexico","33"
"401249861","2020","11","false","195","Ohio","24","2006","Akron","10"
"401249862","2020","11","false","189","Bowling Green","24","2309","Kent State","62"
"401249890","2020","11","false","2084","Buffalo","42","193","Miami (OH)","10"
"401249865","2020","11","false","2050","Ball State","38","2199","Eastern Michigan","31"
"401249866","2020","11","false","2711","Western Michigan","41","2649","Toledo","38"
"401249864","2020","11","false","2459","Northern Illinois","10","2117","Central Michigan","40"
"401249012","2020","11","false","68","Boise State","52","36","Colorado State","21"
"401247317","2020","11","false","135","Minnesota","7","2294","Iowa","35"
"401207174","2020","11","false","2229","Florida International","19","2226","Florida Atlantic","38"
"401212545","2020","11","false","2132","Cincinnati","55","151","East Carolina","17"
"401207200","2020","11","false","2655","Tulane","38","349","Army","12"
"401234641","2020","11","false","259","Virginia Tech","24","2390","Miami","25"
"401247316","2020","11","false","127","Michigan State","0","84","Indiana","24"
"401236024","2020","11","false","277","West Virginia","24","2628","TCU","6"
"401247320","2020","11","false","158","Nebraska","30","213","Penn State","23"
"401207176","2020","11","false","276","Marshall","42","2393","Middle Tennessee","14"
"401237132","2020","11","false","96","Kentucky","38","238","Vanderbilt","35"
"401234642","2020","11","false","153","North Carolina","59","154","Wake Forest","53"
"401207218","2020","11","false","2335","Liberty","58","2717","Western Carolina","14"
"401247314","2020","11","false","164","Rutgers","20","356","Illinois","23"
"401215332","2020","11","false","309","Louisiana","38","6","South Alabama","10"
"401249013","2020","11","false","328","Utah State","16","278","Fresno State","35"
"401215328","2020","11","false","2026","App State","17","2247","Georgia State","13"
"401207179","2020","11","false","2636","UTSA","52","2638","UTEP","21"
"401249403","2020","11","false","12","Arizona","30","30","USC","34"
"401249406","2020","11","false","24","Stanford","32","38","Colorado","35"
"401234637","2020","11","false","103","Boston College","31","87","Notre Dame","45"
"401207178","2020","11","false","98","Western Kentucky","10","2572","Southern Miss","7"
"401215331","2020","11","false","290","Georgia Southern","40","326","Texas State","38"
"401257934","2020","11","false","258","Virginia","31","97","Louisville","17"
"401212481","2020","11","false","248","Houston","56","58","South Florida","21"
"401248074","2020","11","false","2110","Central Arkansas","37","2198","Eastern Kentucky","25"
"401236023","2020","11","false","2641","Texas Tech","24","239","Baylor","23"
"401249014","2020","11","false","21","San Diego State","34","62","Hawai'i","10"
"401247315","2020","11","false","2509","Purdue","20","77","Northwestern","27"
"401247413","2020","11","false","2617","Stephen F. Austin","26","90","Pittsburg St","7"
"401249015","2020","11","false","167","New Mexico","20","2440","Nevada","27"
"401212491","2020","11","false","202","Tulsa","28","2567","SMU","24"
"401237129","2020","11","false","57","Florida","63","8","Arkansas","35"
"401249405","2020","11","false","265","Washington State","29","2483","Oregon","43"
"401234639","2020","11","false","152","NC State","38","52","Florida State","22"
"401237133","2020","11","false","145","Ole Miss","59","2579","South Carolina","42"
"401247319","2020","11","false","130","Michigan","11","275","Wisconsin","49"
"401212518","2020","11","false","2116","UCF","38","218","Temple","13"
"401249016","2020","11","false","23","San José State","34","2439","UNLV","17"
"401249404","2020","11","false","264","Washington","27","204","Oregon State","21"
"401261454","2020","11","false","26","UCLA","34","25","California","10"
"401249868","2020","12","false","189","Bowling Green","17","2084","Buffalo","42"
"401249867","2020","12","false","2309","Kent State","69","2006","Akron","35"
"401249872","2020","12","false","2117","Central Michigan","44","2711","Western Michigan","52"
"401249870","2020","12","false","2050","Ball State","31","2459","Northern Illinois","25"
"401249871","2020","12","false","2199","Eastern Michigan","28","2649","Toledo","45"
"401212526","2020","12","false","202","Tulsa","30","2655","Tulane","24"
"401234643","2020","12","false","97","Louisville","30","183","Syracuse","0"
"401247325","2020","12","false","135","Minnesota","34","2509","Purdue","31"
"401261674","2020","12","false","2226","Florida Atlantic","24","113","Massachusetts","2"
"401249018","2020","12","false","2005","Air Force","28","167","New Mexico","0"
"401237136","2020","12","false","8","Arkansas","24","99","LSU","27"
"401215333","2020","12","false","324","Coastal Carolina","34","2026","App State","23"
"401235975","2020","12","false","349","Army","28","290","Georgia Southern","27"
"401237138","2020","12","false","238","Vanderbilt","17","57","Florida","38"
"401212519","2020","12","false","218","Temple","3","151","East Carolina","28"
"401247326","2020","12","false","194","Ohio State","42","84","Indiana","35"
"401247321","2020","12","false","158","Nebraska","23","356","Illinois","41"
"401215334","2020","12","false","326","Texas State","47","2032","Arkansas State","45"
"401247374","2020","12","false","235","Memphis","56","2617","Stephen F. Austin","14"
"401207184","2020","12","false","249","North Texas","27","242","Rice","17"
"401207181","2020","12","false","98","Western Kentucky","38","2229","Florida International","21"
"401207185","2020","12","false","2572","Southern Miss","20","2636","UTSA","23"
"401209818","2020","12","false","252","BYU","66","2453","North Alabama","14"
"401239875","2020","12","false","2198","Eastern Kentucky","49","2717","Western Carolina","17"
"401249415","2020","12","false","2483","Oregon","38","26","UCLA","35"
"401215335","2020","12","false","6","South Alabama","14","2247","Georgia State","31"
"401249411","2020","12","false","204","Oregon State","31","25","California","27"
"401240641","2020","12","false","2653","Troy","17","2393","Middle Tennessee","20"
"401247327","2020","12","false","213","Penn State","21","2294","Iowa","41"
"401249019","2020","12","false","2440","Nevada","26","21","San Diego State","21"
"401212540","2020","12","false","2116","UCF","33","2132","Cincinnati","36"
"401247323","2020","12","false","77","Northwestern","17","275","Wisconsin","7"
"401236025","2020","12","false","66","Iowa State","45","2306","Kansas State","0"
"401234648","2020","12","false","221","Pittsburgh","47","259","Virginia Tech","14"
"401248275","2020","12","false","258","Virginia","55","2000","Abilene Christian","15"
"401237135","2020","12","false","333","Alabama","63","96","Kentucky","3"
"401237137","2020","12","false","2","Auburn","30","2633","Tennessee","17"
"401247324","2020","12","false","164","Rutgers","42","130","Michigan","48"
"401234647","2020","12","false","152","NC State","15","2335","Liberty","14"
"401237139","2020","12","false","61","Georgia","31","344","Mississippi State","24"
"401236027","2020","12","false","201","Oklahoma","41","197","Oklahoma State","13"
"401237141","2020","12","false","2579","South Carolina","10","142","Missouri","17"
"401249413","2020","12","false","264","Washington","44","12","Arizona","27"
"401249410","2020","12","false","254","Utah","17","30","USC","33"
"401249017","2020","12","false","62","Hawai'i","32","68","Boise State","40"
"401249025","2020","13","false","328","Utah State","41","167","New Mexico","27"
"401236029","2020","13","false","251","Texas","20","66","Iowa State","23"
"401251926","2020","13","false","2335","Liberty","45","113","Massachusetts","0"
"401247332","2020","13","false","2294","Iowa","26","158","Nebraska","20"
"401212483","2020","13","false","58","South Florida","46","2116","UCF","58"
"401234650","2020","13","false","153","North Carolina","17","87","Notre Dame","31"
"401249028","2020","13","false","2439","UNLV","14","2751","Wyoming","45"
"401249874","2020","13","false","2199","Eastern Michigan","23","2117","Central Michigan","31"
"401249417","2020","13","false","25","California","23","24","Stanford","24"
"401249418","2020","13","false","204","Oregon State","41","2483","Oregon","38"
"401237143","2020","13","false","142","Missouri","41","238","Vanderbilt","0"
"401234655","2020","13","false","183","Syracuse","29","152","NC State","36"
"401249877","2020","13","false","2084","Buffalo","70","2309","Kent State","41"
"401247329","2020","13","false","84","Indiana","27","120","Maryland","11"
"401236032","2020","13","false","197","Oklahoma State","50","2641","Texas Tech","44"
"401212513","2020","13","false","151","East Carolina","52","2567","SMU","38"
"401215339","2020","13","false","2247","Georgia State","30","290","Georgia Southern","24"
"401249876","2020","13","false","195","Ohio","52","189","Bowling Green","10"
"401249875","2020","13","false","2711","Western Michigan","30","2459","Northern Illinois","27"
"401249873","2020","13","false","2649","Toledo","24","2050","Ball State","27"
"401247333","2020","13","false","130","Michigan","17","213","Penn State","27"
"401237144","2020","13","false","57","Florida","34","96","Kentucky","10"
"401249892","2020","13","false","2006","Akron","7","193","Miami (OH)","38"
"401215337","2020","13","false","2032","Arkansas State","31","6","South Alabama","38"
"401215338","2020","13","false","326","Texas State","14","324","Coastal Carolina","49"
"401215340","2020","13","false","2433","UL Monroe","20","309","Louisiana","70"
"401207191","2020","13","false","2636","UTSA","49","249","North Texas","17"
"401247330","2020","13","false","127","Michigan State","29","77","Northwestern","20"
"401237142","2020","13","false","333","Alabama","42","2","Auburn","13"
"401215336","2020","13","false","2026","App State","47","2653","Troy","10"
"401234651","2020","13","false","228","Clemson","52","221","Pittsburgh","17"
"401237147","2020","13","false","145","Ole Miss","31","344","Mississippi State","24"
"401247328","2020","13","false","2509","Purdue","30","164","Rutgers","37"
"401234649","2020","13","false","103","Boston College","34","97","Louisville","27"
"401265734","2020","13","false","38","Colorado","20","21","San Diego State","10"
"401236028","2020","13","false","239","Baylor","32","2306","Kansas State","31"
"401237146","2020","13","false","245","Texas A&M","20","99","LSU","7"
"401234652","2020","13","false","59","Georgia Tech","56","150","Duke","33"
"401264080","2020","13","false","2426","Navy","7","235","Memphis","10"
"401237145","2020","13","false","2579","South Carolina","16","61","Georgia","45"
"401265458","2020","13","false","264","Washington","24","254","Utah","21"
"401236030","2020","13","false","2305","Kansas","23","2628","TCU","59"
"401249421","2020","13","false","26","UCLA","27","12","Arizona","10"
"401249024","2020","13","false","62","Hawai'i","24","2440","Nevada","21"
"401265703","2020","14","false","249","North Texas","31","2348","Louisiana Tech","42"
"401249029","2020","14","false","328","Utah State","7","2005","Air Force","35"
"401252117","2020","14","false","2026","App State","21","309","Louisiana","24"
"401236036","2020","14","false","2306","Kansas State","31","251","Texas","69"
"401248781","2020","14","false","153","North Carolina","49","2717","Western Carolina","9"
"401236035","2020","14","false","2641","Texas Tech","16","2305","Kansas","13"
"401265818","2020","14","false","142","Missouri","50","8","Arkansas","48"
"401249880","2020","14","false","2459","Northern Illinois","24","2649","Toledo","41"
"401247340","2020","14","false","127","Michigan State","12","194","Ohio State","52"
"401257812","2020","14","false","276","Marshall","0","242","Rice","20"
"401237150","2020","14","false","2","Auburn","20","245","Texas A&M","31"
"401236037","2020","14","false","2628","TCU","29","197","Oklahoma State","22"
"401264082","2020","14","false","2655","Tulane","35","235","Memphis","21"
"401247336","2020","14","false","164","Rutgers","7","213","Penn State","23"
"401247335","2020","14","false","2509","Purdue","27","158","Nebraska","37"
"401249879","2020","14","false","2711","Western Michigan","42","2199","Eastern Michigan","53"
"401249878","2020","14","false","2117","Central Michigan","20","2050","Ball State","45"
"401249881","2020","14","false","2006","Akron","31","189","Bowling Green","3"
"401262494","2020","14","false","6","South Alabama","0","2653","Troy","29"
"401234662","2020","14","false","87","Notre Dame","45","183","Syracuse","21"
"401262493","2020","14","false","2032","Arkansas State","48","2433","UL Monroe","15"
"401247337","2020","14","false","356","Illinois","21","2294","Iowa","35"
"401237151","2020","14","false","2633","Tennessee","19","57","Florida","31"
"401236034","2020","14","false","66","Iowa State","42","277","West Virginia","6"
"401264083","2020","14","false","2426","Navy","6","202","Tulsa","19"
"401247338","2020","14","false","275","Wisconsin","6","84","Indiana","14"
"401234656","2020","14","false","258","Virginia","43","103","Boston College","32"
"401234659","2020","14","false","152","NC State","23","59","Georgia Tech","13"
"401249424","2020","14","false","264","Washington","26","24","Stanford","31"
"401237514","2020","14","false","324","Coastal Carolina","22","252","BYU","17"
"401249033","2020","14","false","23","San José State","35","62","Hawai'i","24"
"401261675","2020","14","false","290","Georgia Southern","20","2226","Florida Atlantic","3"
"401249031","2020","14","false","21","San Diego State","29","36","Colorado State","17"
"401249423","2020","14","false","25","California","21","2483","Oregon","17"
"401249426","2020","14","false","12","Arizona","13","38","Colorado","24"
"401234657","2020","14","false","259","Virginia Tech","10","228","Clemson","45"
"401237153","2020","14","false","96","Kentucky","41","2579","South Carolina","18"
"401265817","2020","14","false","99","LSU","17","333","Alabama","55"
"401236033","2020","14","false","201","Oklahoma","27","239","Baylor","14"
"401266134","2020","14","false","150","Duke","0","2390","Miami","48"
"401249032","2020","14","false","2440","Nevada","37","278","Fresno State","26"
"401249422","2020","14","false","254","Utah","30","204","Oregon State","24"
"401249425","2020","14","false","9","Arizona State","18","26","UCLA","25"
"401249034","2020","14","false","167","New Mexico","17","2751","Wyoming","16"
"401266789","2020","14","false","2429","Charlotte","19","98","Western Kentucky","37"
"401249427","2020","14","false","30","USC","38","265","Washington State","13"
"401257813","2020","15","false","2572","Southern Miss","45","2226","Florida Atlantic","31"
"401261245","2020","15","false","59","Georgia Tech","20","221","Pittsburgh","34"
"401257816","2020","15","false","2638","UTEP","43","249","North Texas","45"
"401249429","2020","15","false","12","Arizona","7","9","Arizona State","70"
"401249037","2020","15","false","23","San José State","30","2440","Nevada","20"
"401247346","2020","15","false","213","Penn State","39","127","Michigan State","24"
"401249885","2020","15","false","2050","Ball State","30","2711","Western Michigan","27"
"401247344","2020","15","false","77","Northwestern","28","356","Illinois","10"
"401267161","2020","15","false","142","Missouri","14","61","Georgia","49"
"401266696","2020","15","false","97","Louisville","45","154","Wake Forest","21"
"401247345","2020","15","false","158","Nebraska","17","135","Minnesota","24"
"401249428","2020","15","false","38","Colorado","21","254","Utah","38"
"401267164","2020","15","false","8","Arkansas","3","333","Alabama","52"
"401247342","2020","15","false","120","Maryland","24","164","Rutgers","27"
"401249884","2020","15","false","2199","Eastern Michigan","41","2459","Northern Illinois","33"
"401257815","2020","15","false","242","Rice","16","5","UAB","21"
"401249886","2020","15","false","2084","Buffalo","56","2006","Akron","7"
"401249883","2020","15","false","2649","Toledo","24","2117","Central Michigan","23"
"401259671","2020","15","false","2653","Troy","38","324","Coastal Carolina","42"
"401207203","2020","15","true","349","Army","15","2426","Navy","0"
"401250713","2020","15","false","239","Baylor","3","197","Oklahoma State","42"
"401264084","2020","15","false","235","Memphis","30","248","Houston","27"
"401247347","2020","15","false","2294","Iowa","28","275","Wisconsin","7"
"401234661","2020","15","false","2390","Miami","26","153","North Carolina","62"
"401266694","2020","15","false","52","Florida State","56","150","Duke","35"
"401267163","2020","15","false","238","Vanderbilt","17","2633","Tennessee","42"
"401215309","2020","15","false","290","Georgia Southern","26","2026","App State","34"
"401249035","2020","15","false","2751","Wyoming","9","68","Boise State","17"
"401251100","2020","15","false","57","Florida","34","99","LSU","37"
"401266711","2020","15","false","2628","TCU","52","2348","Louisiana Tech","10"
"401249431","2020","15","false","26","UCLA","38","30","USC","43"
"401260157","2020","15","false","344","Mississippi State","10","2","Auburn","24"
"401234572","2020","15","false","259","Virginia Tech","33","258","Virginia","15"
"401249435","2020","15","false","252","BYU","28","21","San Diego State","14"
"401249432","2020","15","false","204","Oregon State","24","24","Stanford","27"
"401249036","2020","15","false","167","New Mexico","49","278","Fresno State","39"
"401249038","2020","15","false","62","Hawai'i","38","2439","UNLV","21"
"401240101","2020","16","false","276","Marshall","13","5","UAB","22"
"401269382","2020","16","false","164","Rutgers","21","158","Nebraska","28"
"401249854","2020","16","true","2084","Buffalo","28","2050","Ball State","38"
"401249434","2020","16","false","30","USC","24","2483","Oregon","31"
"401262060","2020","16","true","66","Iowa State","21","201","Oklahoma","27"
"401247349","2020","16","true","194","Ohio State","22","77","Northwestern","10"
"401260158","2020","16","false","2633","Tennessee","13","245","Texas A&M","34"
"401269375","2020","16","false","254","Utah","45","265","Washington State","28"
"401265699","2020","16","false","349","Army","10","2005","Air Force","7"
"401267166","2020","16","false","344","Mississippi State","51","142","Missouri","32"
"401267165","2020","16","false","99","LSU","53","145","Ole Miss","48"
"401269384","2020","16","false","275","Wisconsin","20","135","Minnesota","17"
"401256001","2020","16","true","87","Notre Dame","10","228","Clemson","34"
"401249043","2020","16","true","23","San José State","34","68","Boise State","20"
"401269381","2020","16","false","213","Penn State","56","356","Illinois","21"
"401269376","2020","16","false","26","UCLA","47","24","Stanford","48"
"401237074","2020","16","true","57","Florida","46","333","Alabama","52"
"401264085","2020","16","false","2132","Cincinnati","27","202","Tulsa","24"
"401269378","2020","16","false","204","Oregon State","33","9","Arizona State","46"
"401256135","2020","1","true","249","North Texas","28","2026","App State","56"
"401256136","2020","1","true","2440","Nevada","38","2655","Tulane","27"
"401256137","2020","1","true","252","BYU","49","2116","UCF","23"
"401256138","2020","1","true","290","Georgia Southern","38","2348","Louisiana Tech","3"
"401256139","2020","1","true","2226","Florida Atlantic","10","235","Memphis","25"
"401256140","2020","1","true","248","Houston","14","62","Hawai'i","28"
"401256141","2020","1","true","2084","Buffalo","17","276","Marshall","10"
"401256145","2020","1","true","2247","Georgia State","39","98","Western Kentucky","21"
"401256144","2020","1","true","2636","UTSA","24","309","Louisiana","31"
"401256143","2020","1","true","324","Coastal Carolina","34","2335","Liberty","37"
"401256150","2020","1","true","2390","Miami","34","197","Oklahoma State","37"
"401256151","2020","1","true","38","Colorado","23","251","Texas","55"
"401256152","2020","1","true","275","Wisconsin","42","154","Wake Forest","28"
"401256194","2020","1","true","201","Oklahoma","55","57","Florida","20"
"401256196","2020","1","true","344","Mississippi State","28","202","Tulsa","26"
"401268773","2020","1","true","23","San José State","13","2050","Ball State","34"
"401256197","2020","1","true","349","Army","21","277","West Virginia","24"
"401256108","2020","1","true","61","Georgia","24","2132","Cincinnati","21"
"401256199","2020","1","true","77","Northwestern","35","2","Auburn","19"
"401240152","2020","1","true","333","Alabama","31","87","Notre Dame","14"
"401240173","2020","1","true","228","Clemson","28","194","Ohio State","49"
"401256109","2020","1","true","96","Kentucky","23","152","NC State","21"
"401256110","2020","1","true","84","Indiana","20","145","Ole Miss","26"
"401256111","2020","1","true","66","Iowa State","34","2483","Oregon","17"
"401256112","2020","1","true","153","North Carolina","27","245","Texas A&M","41"
"401240174","2020","1","true","333","Alabama","52","194","Ohio State","24"
"401321794","2020","20","false","256","James Madison","31","2678","VMI","24"
"401322680","2020","20","false","256","James Madison","34","155","North Dakota","21"
"401324093","2020","20","false","2534","Sam Houston","38","256","James Madison","35"
"401325471","2020","20","true","2571","South Dakota State","21","2534","Sam Houston","23"
"401282907","2020","1","false","386","Trinity University TX","35","2045","Austin","24"
"401282904","2020","1","false","2398","Millsaps","27","418","Hendrix College","37"
"401282864","2020","1","false","2056","Belhaven","0","2371","Mary Hardin-Baylor","41"
"401282866","2020","1","false","2758","Howard Payne","38","2639","Texas Lutheran","39"
"401282867","2020","1","false","241","McMurry","17","2834","Sul Ross State","14"
"401282865","2020","1","false","2588","Southwestern University","17","2194","East Texas Baptist University","28"
"401283019","2020","1","false","2508","Puget Sound","28","2486","Pacific Lutheran","20"
"401282906","2020","1","false","2519","Rhodes College","0","3","Birmingham-Southern","52"
"401279040","2020","1","false","256","James Madison","52","2413","Morehead State","0"
"401282908","2020","2","false","2398","Millsaps","7","386","Trinity University TX","37"
"401282868","2020","2","false","2194","East Texas Baptist University","44","2056","Belhaven","16"
"401282910","2020","2","false","2519","Rhodes College","0","2121","Centre College Kentucky","30"
"401283020","2020","2","false","2721","Whitworth","53","2508","Puget Sound","6"
"401282911","2020","2","false","3","Birmingham-Southern","23","2757","Berry College","26"
"401279083","2020","2","false","2627","Tarleton State","37","2377","McNeese","40"
"401279043","2020","2","false","256","James Madison","36","2523","Robert Morris","16"
"401302746","2020","3","false","2447","Nicholls","87","2876","Lincoln (MO)","3"
"401279797","2020","3","false","2460","Northern Iowa","20","2571","South Dakota State","24"
"401279161","2020","3","false","2747","Wofford","31","2382","Mercer","14"
"401279799","2020","3","false","155","North Dakota","44","79","Southern Illinois","21"
"401279162","2020","3","false","2193","East Tennessee State","24","2535","Samford","17"
"401279039","2020","3","false","2210","Elon","26","2166","Davidson","23"
"401285189","2020","3","false","2938","Huntingdon College (AL)","26","2913","Brevard College","18"
"401279164","2020","3","false","231","Furman","35","2717","Western Carolina","7"
"401283023","2020","3","false","2486","Pacific Lutheran","10","2721","Whitworth","28"
"401302348","2020","3","true","166","New Mexico State","17","2627","Tarleton State","43"
"401279048","2020","3","false","2210","Elon","17","256","James Madison","20"
"401280802","2020","4","false","2296","Jackson State","53","2206","Edward Waters","0"
"401279104","2020","4","false","2635","Tennessee Tech","27","2046","Austin Peay","21"
"401279800","2020","4","false","2449","North Dakota State","25","2754","Youngstown State","7"
"401285057","2020","4","false","2516","Randolph-Macon","44","2258","Guilford College","0"
"401285059","2020","4","false","366","Ferrum","0","2213","Emory & Henry College","17"
"401279218","2020","4","false","2011","Alabama State","21","2582","Southern","24"
"401279168","2020","4","false","236","Chattanooga","24","2747","Wofford","13"
"401279805","2020","4","false","2754","Youngstown State","0","2460","Northern Iowa","21"
"401307299","2020","4","false","2169","Delaware State","17","47","Howard","10"
"401280795","2020","4","false","338","Kennesaw State","35","2560","Shorter","3"
"401279804","2020","4","false","79","Southern Illinois","38","2449","North Dakota State","14"
"401279803","2020","4","false","155","North Dakota","28","2571","South Dakota State","17"
"401279802","2020","4","false","2710","Western Illinois","24","2623","Missouri State","30"
"401279801","2020","4","false","2287","Illinois State","20","233","South Dakota","27"
"401279199","2020","4","false","2377","McNeese","20","2916","Incarnate Word","48"
"401279167","2020","4","false","2535","Samford","55","2717","Western Carolina","27"
"401307326","2020","4","false","418","Hendrix College","49","2045","Austin","31"
"401285060","2020","4","false","297","Hampden-Sydney","21","2896","Southern Virginia","0"
"401282896","2020","4","false","2371","Mary Hardin-Baylor","52","2588","Southwestern University","7"
"401279165","2020","4","false","2678","VMI","14","231","Furman","13"
"401282898","2020","4","true","2347","Louisiana College","23","2194","East Texas Baptist University","17"
"401282899","2020","4","false","2639","Texas Lutheran","24","2834","Sul Ross State","3"
"401282917","2020","4","false","2757","Berry College","54","2519","Rhodes College","7"
"401282897","2020","4","false","241","McMurry","7","2810","Hardin-Simmons","49"
"401309014","2020","4","false","2079","Bridgewater (VA)","27","2828","Shenandoah","21"
"401285248","2020","4","false","122666","Wilson","28","101784","ERSKINE","30"
"401319097","2020","4","false","2010","Alabama A&M","2","2016","Alcorn State","0"
"401279042","2020","4","false","2241","Gardner-Webb","42","2210","Elon","20"
"401279077","2020","4","false","2627","Tarleton State","14","3101","Utah Tech","26"
"401282285","2020","4","false","2464","Northern Arizona","34","253","Southern Utah","33"
"401302786","2020","4","false","3","Birmingham-Southern","42","2121","Centre College Kentucky","35"
"401279166","2020","4","false","2382","Mercer","42","2643","The Citadel","28"
"401279200","2020","4","false","2447","Nicholls","55","2320","Lamar","0"
"401282284","2020","4","false","304","Idaho State","21","2692","Weber State","49"
"401281552","2020","4","false","70","Idaho","28","331","Eastern Washington","21"
"401279201","2020","4","false","2534","Sam Houston","43","2545","SE Louisiana","38"
"401283021","2020","4","false","2486","Pacific Lutheran","3","2508","Puget Sound","20"
"401279107","2020","5","false","2197","Eastern Illinois","7","2546","Southeast Missouri State","47"
"401279109","2020","5","false","2046","Austin Peay","27","2634","Tennessee State","20"
"401279108","2020","5","false","93","Murray State","14","2630","UT Martin","10"
"401279110","2020","5","false","55","Jacksonville State","27","2635","Tennessee Tech","10"
"401279806","2020","5","false","155","North Dakota","21","233","South Dakota","10"
"401285061","2020","5","false","2213","Emory & Henry College","47","2896","Southern Virginia","14"
"401285063","2020","5","false","2828","Shenandoah","0","297","Hampden-Sydney","26"
"401279044","2020","5","false","160","New Hampshire","20","399","UAlbany","24"
"401285062","2020","5","false","2516","Randolph-Macon","25","2079","Bridgewater (VA)","13"
"401282916","2020","5","false","386","Trinity University TX","3","418","Hendrix College","13"
"401279045","2020","5","false","48","Delaware","37","311","Maine","0"
"401285191","2020","5","false","2256","Greensboro College","14","291","Methodist","48"
"401279810","2020","5","false","2754","Youngstown State","22","79","Southern Illinois","30"
"401279046","2020","5","false","2619","Stony Brook","13","222","Villanova","16"
"401279047","2020","5","false","257","Richmond","21","2729","William & Mary","14"
"401280794","2020","5","false","2241","Gardner-Webb","31","2506","Presbyterian","24"
"401279225","2020","5","false","2755","Grambling","28","2296","Jackson State","33"
"401279172","2020","5","false","2717","Western Carolina","7","2678","VMI","30"
"401279171","2020","5","false","231","Furman","44","2535","Samford","37"
"401282901","2020","5","false","2810","Hardin-Simmons","33","2639","Texas Lutheran","14"
"401282912","2020","5","false","2045","Austin","27","2398","Millsaps","17"
"401285249","2020","5","false","2206","Edward Waters","21","101784","ERSKINE","20"
"401279169","2020","5","false","2643","The Citadel","24","236","Chattanooga","25"
"401285115","2020","5","false","2233","Franklin","55","2023","Anderson (IN)","48"
"401310288","2020","5","false","2569","South Carolina State","7","2010","Alabama A&M","31"
"401285113","2020","5","false","2362","Manchester","14","2074","Bluffton","49"
"401310821","2020","5","false","2980","Ohio Wesleyan","21","83","Depauw","35"
"401285116","2020","5","false","86","Rose-Hulman","52","190","Defiance College","6"
"401282903","2020","5","false","2194","East Texas Baptist University","28","2371","Mary Hardin-Baylor","30"
"401282900","2020","5","false","2834","Sul Ross State","34","2758","Howard Payne","53"
"401282902","2020","5","false","2056","Belhaven","33","2347","Louisiana College","24"
"401282288","2020","5","false","253","Southern Utah","24","304","Idaho State","26"
"401310940","2020","5","false","2695","West Alabama","27","2336","Limestone","17"
"401319098","2020","5","false","2016","Alcorn State","0","2011","Alabama State","2"
"401279226","2020","5","false","2582","Southern","30","2029","Arkansas-Pine Bluff","33"
"401285192","2020","5","false","2047","Averett","10","2913","Brevard College","19"
"401279808","2020","5","false","2623","Missouri State","0","2449","North Dakota State","25"
"401279809","2020","5","false","2571","South Dakota State","45","2710","Western Illinois","10"
"401282287","2020","5","false","70","Idaho","17","302","UC Davis","27"
"401279085","2020","5","false","2627","Tarleton State","39","2401","Mississippi College","14"
"401283022","2020","5","false","2508","Puget Sound","12","2721","Whitworth","30"
"401279202","2020","5","false","2320","Lamar","20","2916","Incarnate Word","42"
"401281573","2020","5","false","331","Eastern Washington","45","2464","Northern Arizona","13"
"401279807","2020","5","false","2460","Northern Iowa","20","2287","Illinois State","10"
"401285203","2020","5","false","2444","Newberry","21","2839","Greeneville","6"
"401286313","2020","5","false","2121","Centre College Kentucky","17","2757","Berry College","18"
"401279204","2020","5","false","2466","Northwestern State","24","2447","Nicholls","31"
"401279203","2020","5","false","2545","SE Louisiana","25","2377","McNeese","20"
"401279227","2020","5","false","2504","Prairie View A&M","20","2640","Texas Southern","19"
"401279078","2020","5","true","166","New Mexico State","36","3101","Utah Tech","29"
"401283998","2020","6","false","2184","Duquesne","30","2529","Sacred Heart","27"
"401283997","2020","6","false","2341","Long Island University","24","2803","Bryant","19"
"401302341","2020","6","false","2630","UT Martin","28","2197","Eastern Illinois","15"
"401302339","2020","6","false","2546","Southeast Missouri State","21","93","Murray State","24"
"401302338","2020","6","false","2634","Tennessee State","16","55","Jacksonville State","38"
"401285229","2020","6","false","437","Lake Erie","3","2477","Ohio Dominican","28"
"401311994","2020","6","false","341","Frostburg State","27","112335","Wheeling","20"
"401285065","2020","6","false","2213","Emory & Henry College","47","2258","Guilford College","6"
"401285204","2020","6","false","2444","Newberry","20","2331","Lenoir-Rhyne","27"
"401285195","2020","6","false","291","Methodist","35","2047","Averett","23"
"401285152","2020","6","false","332","Muskingum University","15","426","University of Mount Union","51"
"401285151","2020","6","false","2733","Wilmington (OH)","26","424","Capital","21"
"401285205","2020","6","false","2369","Mars Hill","20","2839","Greeneville","58"
"401285066","2020","6","false","366","Ferrum","16","2079","Bridgewater (VA)","26"
"401285150","2020","6","false","2302","John Carroll University","28","188","Baldwin Wallace","17"
"401285149","2020","6","false","427","Ohio Northern","17","359","Otterbein","7"
"401285375","2020","6","false","2249","Glenville State","7","2882","UNC Pembroke","30"
"401279050","2020","6","false","311","Maine","38","399","UAlbany","34"
"401315493","2020","6","true","2846","Wesley College","30","2532","Salisbury","32"
"401279051","2020","6","false","48","Delaware","31","2619","Stony Brook","3"
"401286013","2020","6","false","2329","Lehigh","3","107","Holy Cross","20"
"401286394","2020","6","false","2086","Butler","14","2674","Valparaiso","24"
"401286397","2020","6","false","2506","Presbyterian","31","2413","Morehead State","16"
"401285208","2020","6","false","2842","UVA Wise","37","2105","Carson-Newman College","40"
"401286395","2020","6","false","56","Stetson","20","2166","Davidson","26"
"401279029","2020","6","false","338","Kennesaw State","24","2127","Charleston Southern","19"
"401279049","2020","6","false","222","Villanova","37","227","Rhode Island","40"
"401279052","2020","6","false","2210","Elon","14","257","Richmond","38"
"401279173","2020","6","false","2193","East Tennessee State","13","231","Furman","17"
"401279175","2020","6","false","2717","Western Carolina","21","2643","The Citadel","14"
"401279176","2020","6","false","2535","Samford","37","2747","Wofford","31"
"401279205","2020","6","false","2377","McNeese","26","2320","Lamar","27"
"401279206","2020","6","false","2534","Sam Houston","71","2447","Nicholls","17"
"401279813","2020","6","false","2710","Western Illinois","21","155","North Dakota","38"
"401279814","2020","6","false","79","Southern Illinois","17","2460","Northern Iowa","16"
"401315494","2020","6","false","2871","Kean","12","2818","Montclair State","41"
"401311093","2020","6","true","386","Trinity University TX","38","3","Birmingham-Southern","15"
"401285377","2020","6","false","2707","West Virginia State","38","455","West Virginia Wesleyan","13"
"401285228","2020","6","false","2273","Hillsdale","24","2224","Findlay","45"
"401285227","2020","6","false","2682","Walsh","14","2838","Tiffin","21"
"401285194","2020","6","false","2913","Brevard College","27","2938","Huntingdon College (AL)","3"
"401285118","2020","6","false","2362","Manchester","3","2233","Franklin","50"
"401279174","2020","6","false","2678","VMI","41","2382","Mercer","14"
"401285120","2020","6","false","2074","Bluffton","35","2023","Anderson (IN)","27"
"401285119","2020","6","false","2419","Mount St. Joseph","21","86","Rose-Hulman","31"
"401279812","2020","6","false","233","South Dakota","24","2623","Missouri State","27"
"401310937","2020","6","false","2810","Hardin-Simmons","41","2758","Howard Payne","14"
"401285376","2020","6","false","587","Notre Dame College","70","2699","West Liberty","7"
"401307328","2020","6","true","2347","Louisiana College","34","2588","Southwestern University","31"
"401285117","2020","6","false","190","Defiance College","12","2262","Hanover College","56"
"401286396","2020","6","false","2181","Drake","10","301","San Diego","13"
"401307301","2020","6","false","2569","South Carolina State","17","2169","Delaware State","9"
"401283024","2020","6","false","2721","Whitworth","56","2486","Pacific Lutheran","23"
"401279815","2020","6","false","2571","South Dakota State","19","2754","Youngstown State","17"
"401282290","2020","6","false","2692","Weber State","18","302","UC Davis","13"
"401307327","2020","6","false","2639","Texas Lutheran","51","241","McMurry","21"
"401281548","2020","6","false","13","Cal Poly","24","253","Southern Utah","34"
"401285992","2020","6","false","322","Lafayette","24","2142","Colgate","10"
"401279811","2020","6","false","2449","North Dakota State","21","2287","Illinois State","13"
"401279222","2020","6","true","2755","Grambling","10","2504","Prairie View A&M","17"
"401285206","2020","6","false","122666","Wilson","14","351","Wingate","55"
"401285250","2020","6","false","101784","ERSKINE","13","2560","Shorter","24"
"401285076","2020","6","true","2695","West Alabama","36","2542","Savannah St","28"
"401281574","2020","6","false","304","Idaho State","42","331","Eastern Washington","46"
"401311094","2020","6","true","418","Hendrix College","20","2757","Berry College","21"
"401279207","2020","6","false","2545","SE Louisiana","27","2466","Northwestern State","24"
"401279079","2020","6","false","3101","Utah Tech","15","2627","Tarleton State","37"
"401279220","2020","6","false","2296","Jackson State","43","2400","Mississippi Valley State","7"
"401279063","2020","6","false","2729","William & Mary","10","256","James Madison","38"
"401284000","2020","7","false","2681","Wagner","0","2184","Duquesne","17"
"401284001","2020","7","false","2529","Sacred Heart","35","2341","Long Island University","7"
"401284002","2020","7","false","2771","Merrimack","7","2803","Bryant","14"
"401311095","2020","7","true","2045","Austin","20","2121","Centre College Kentucky","44"
"401279112","2020","7","false","2630","UT Martin","20","55","Jacksonville State","37"
"401279113","2020","7","false","2634","Tennessee State","21","2197","Eastern Illinois","20"
"401279111","2020","7","false","2635","Tennessee Tech","31","93","Murray State","36"
"401279114","2020","7","false","2546","Southeast Missouri State","42","2046","Austin Peay","49"
"401311096","2020","7","true","2398","Millsaps","27","2519","Rhodes College","13"
"401285379","2020","7","false","2017","Alderson-Broaddus","6","112335","Wheeling","34"
"401285068","2020","7","false","2258","Guilford College","12","297","Hampden-Sydney","43"
"401285069","2020","7","false","2828","Shenandoah","38","2516","Randolph-Macon","52"
"401285155","2020","7","false","426","University of Mount Union","52","2302","John Carroll University","27"
"401285067","2020","7","false","2896","Southern Virginia","28","366","Ferrum","33"
"401285153","2020","7","false","359","Otterbein","10","2733","Wilmington (OH)","17"
"401285154","2020","7","false","191","Heidelberg","66","424","Capital","13"
"401285156","2020","7","false","317","Marietta","30","188","Baldwin Wallace","20"
"401285175","2020","7","false","2849","Westminster (PA)","42","2062","Bethany (WV)","21"
"401310819","2020","7","false","2980","Ohio Wesleyan","37","2171","Denison University","38"
"401310936","2020","7","false","146","Grove City College","37","2614","Saint Vincent","14"
"401286401","2020","7","false","2413","Morehead State","31","56","Stetson","14"
"401279177","2020","7","false","231","Furman","18","236","Chattanooga","20"
"401279816","2020","7","false","2287","Illinois State","26","2710","Western Illinois","18"
"401279819","2020","7","false","2754","Youngstown State","28","233","South Dakota","10"
"401310826","2020","7","false","367","Gannon","22","110254","Davenport","30"
"401285380","2020","7","false","2128","University Of Charleston (WV)","45","2249","Glenville State","0"
"401285197","2020","7","false","286","North Carolina Wesleyan","9","291","Methodist","24"
"401279056","2020","7","false","2619","Stony Brook","19","311","Maine","35"
"401282872","2020","7","false","2758","Howard Payne","24","241","McMurry","3"
"401286399","2020","7","false","2166","Davidson","41","2506","Presbyterian","24"
"401282893","2020","7","false","2371","Mary Hardin-Baylor","65","2347","Louisiana College","20"
"401279054","2020","7","false","399","UAlbany","10","227","Rhode Island","17"
"401279080","2020","7","false","338","Kennesaw State","37","3101","Utah Tech","27"
"401279178","2020","7","false","2643","The Citadel","21","2193","East Tennessee State","28"
"401279179","2020","7","false","2535","Samford","37","2678","VMI","38"
"401279231","2020","7","false","2755","Grambling","21","2029","Arkansas-Pine Bluff","48"
"401279820","2020","7","false","79","Southern Illinois","3","2571","South Dakota State","44"
"401313889","2020","7","false","2707","West Virginia State","21","2882","UNC Pembroke","48"
"401285273","2020","7","false","2651","Trine University","16","2790","Albion","27"
"401285272","2020","7","false","2800","Alma","6","2003","Adrian","21"
"401285231","2020","7","false","2682","Walsh","0","2477","Ohio Dominican","17"
"401285209","2020","7","false","2107","Catawba","21","2444","Newberry","28"
"401285140","2020","7","false","101","Eureka College","7","2044","Aurora","42"
"401285139","2020","7","false","2151","Concordia University Chicago","0","2283","Benedictine University","28"
"401285122","2020","7","false","190","Defiance College","22","2362","Manchester","16"
"401285123","2020","7","false","2233","Franklin","19","2419","Mount St. Joseph","56"
"401310939","2020","7","false","2588","Southwestern University","7","2056","Belhaven","21"
"401310938","2020","7","false","2834","Sul Ross State","6","2810","Hardin-Simmons","58"
"401310823","2020","7","false","83","Depauw","41","2257","Greenville","7"
"401285383","2020","7","false","587","Notre Dame College","25","341","Frostburg State","19"
"401285303","2020","7","false","74","Millikin","38","306","Illinois Wesleyan","28"
"401285199","2020","7","false","2938","Huntingdon College (AL)","16","2373","Maryville College (TN)","13"
"401285138","2020","7","false","6353","Lakeland","19","409","Concordia-Wisconsin","10"
"401285137","2020","7","false","2741","Wisconsin-Lutheran","28","2524","Rockford","14"
"401285121","2020","7","false","2262","Hanover College","51","2074","Bluffton","44"
"401286400","2020","7","false","2674","Valparaiso","6","2181","Drake","17"
"401315495","2020","7","false","2818","Montclair State","13","2846","Wesley College","20"
"401319099","2020","7","false","2400","Mississippi Valley State","2","2016","Alcorn State","0"
"401279208","2020","7","false","2916","Incarnate Word","56","2545","SE Louisiana","45"
"401279818","2020","7","false","2449","North Dakota State","34","155","North Dakota","13"
"401286398","2020","7","false","301","San Diego","27","2086","Butler","13"
"401286029","2020","7","false","2560","Shorter","52","2206","Edward Waters","5"
"401279057","2020","7","false","2729","William & Mary","31","2210","Elon","10"
"401279180","2020","7","false","2382","Mercer","45","2717","Western Carolina","28"
"401279229","2020","7","false","2011","Alabama State","35","2296","Jackson State","28"
"401301853","2020","7","false","302","UC Davis","73","13","Cal Poly","24"
"401279817","2020","7","false","2460","Northern Iowa","6","2623","Missouri State","13"
"401279210","2020","7","false","2466","Northwestern State","7","2377","McNeese","21"
"401285210","2020","7","false","2331","Lenoir-Rhyne","44","122666","Wilson","13"
"401279086","2020","7","false","2627","Tarleton State","33","2395","Midwestern State","21"
"401279209","2020","7","false","2320","Lamar","7","2534","Sam Houston","62"
"401285212","2020","7","false","2336","Limestone","30","2842","UVA Wise","24"
"401279232","2020","7","false","2640","Texas Southern","23","2582","Southern","51"
"401284005","2020","8","false","2184","Duquesne","35","2341","Long Island University","17"
"401284003","2020","8","false","2803","Bryant","27","2681","Wagner","7"
"401284004","2020","8","false","2529","Sacred Heart","26","2771","Merrimack","9"
"401289259","2020","8","false","354","Olivet College","55","126","Kalamazoo","14"
"401279115","2020","8","false","2197","Eastern Illinois","28","2635","Tennessee Tech","20"
"401279116","2020","8","false","2046","Austin Peay","34","2630","UT Martin","37"
"401279117","2020","8","false","93","Murray State","35","2634","Tennessee State","13"
"401279118","2020","8","false","55","Jacksonville State","21","2546","Southeast Missouri State","3"
"401315496","2020","8","false","2532","Salisbury","30","3112","Christopher Newport","5"
"401285267","2020","8","false","390","Utica","30","365","Alfred University","17"
"401285185","2020","8","false","2102","Carnegie Mellon","14","146","Grove City College","24"
"401285200","2020","8","false","291","Methodist","52","2256","Greensboro College","20"
"401285177","2020","8","false","2845","Waynesburg","0","2686","Washington & Jefferson","66"
"401285160","2020","8","false","2302","John Carroll University","34","317","Marietta","10"
"401285093","2020","8","false","2079","Bridgewater (VA)","18","2828","Shenandoah","19"
"401285171","2020","8","false","2062","Bethany (WV)","6","2614","Saint Vincent","35"
"401285072","2020","8","false","2258","Guilford College","12","366","Ferrum","41"
"401285158","2020","8","false","2733","Wilmington (OH)","16","191","Heidelberg","38"
"401285157","2020","8","false","424","Capital","6","427","Ohio Northern","47"
"401285172","2020","8","false","2242","Geneva","21","2849","Westminster (PA)","52"
"401285299","2020","8","false","415","NEWBERG","9","205","Pacific (OR)","26"
"401286405","2020","8","false","2506","Presbyterian","21","301","San Diego","24"
"401279825","2020","8","false","2710","Western Illinois","20","2460","Northern Iowa","34"
"401286403","2020","8","false","2166","Davidson","24","2413","Morehead State","21"
"401279211","2020","8","false","2447","Nicholls","75","2916","Incarnate Word","45"
"401279181","2020","8","false","236","Chattanooga","28","2382","Mercer","35"
"401279062","2020","8","false","227","Rhode Island","21","48","Delaware","35"
"401285201","2020","8","false","286","North Carolina Wesleyan","29","2047","Averett","33"
"401285388","2020","8","false","2128","University Of Charleston (WV)","42","2882","UNC Pembroke","24"
"401310935","2020","8","false","2477","Ohio Dominican","13","2316","Kentucky Wesleyan","9"
"401315482","2020","8","false","2834","Sul Ross State","25","2588","Southwestern University","16"
"401279033","2020","8","false","2405","Monmouth","35","2127","Charleston Southern","17"
"401279182","2020","8","false","2643","The Citadel","7","2535","Samford","55"
"401279183","2020","8","false","2747","Wofford","31","2678","VMI","36"
"401285386","2020","8","false","2249","Glenville State","27","2707","West Virginia State","37"
"401285390","2020","8","false","2017","Alderson-Broaddus","6","2699","West Liberty","38"
"401316494","2020","8","false","2283","Benedictine University","38","101","Eureka College","28"
"401315946","2020","8","false","107","Holy Cross","34","2230","Fordham","24"
"401285094","2020","8","false","297","Hampden-Sydney","0","2516","Randolph-Macon","28"
"401285096","2020","8","false","2141","Coe College","13","49","Dubuque","17"
"401285143","2020","8","false","2044","Aurora","49","2151","Concordia University Chicago","13"
"401285275","2020","8","false","126","Kalamazoo","0","2800","Alma","13"
"401285276","2020","8","false","2651","Trine University","33","2003","Adrian","23"
"401285286","2020","8","false","433","Westminster College (MO)","30","2257","Greenville","22"
"401279184","2020","8","false","2193","East Tennessee State","24","2717","Western Carolina","17"
"401279061","2020","8","false","399","UAlbany","7","2619","Stony Brook","21"
"401285125","2020","8","false","2074","Bluffton","21","2233","Franklin","26"
"401285127","2020","8","false","2023","Anderson (IN)","55","2362","Manchester","27"
"401285144","2020","8","false","2524","Rockford","7","6353","Lakeland","35"
"401315481","2020","8","true","2347","Louisiana College","31","241","McMurry","32"
"401315480","2020","8","false","2758","Howard Payne","17","2056","Belhaven","38"
"401315479","2020","8","false","2194","East Texas Baptist University","51","2639","Texas Lutheran","20"
"401315478","2020","8","false","2810","Hardin-Simmons","15","2371","Mary Hardin-Baylor","23"
"401286030","2020","8","false","2560","Shorter","18","2232","Fort Valley State","36"
"401285387","2020","8","false","455","West Virginia Wesleyan","14","2148","Concord University","52"
"401285349","2020","8","false","2042","Augustana (IL)","0","306","Illinois Wesleyan","12"
"401285202","2020","8","false","2373","Maryville College (TN)","3","2913","Brevard College","14"
"401285141","2020","8","false","409","Concordia-Wisconsin","39","2741","Wisconsin-Lutheran","38"
"401285128","2020","8","false","2262","Hanover College","27","86","Rose-Hulman","24"
"401286402","2020","8","false","2674","Valparaiso","28","2086","Butler","25"
"401319096","2020","8","false","2582","Southern","2","2016","Alcorn State","0"
"401282293","2020","8","false","2692","Weber State","28","2464","Northern Arizona","23"
"401279822","2020","8","false","2623","Missouri State","30","79","Southern Illinois","27"
"401282291","2020","8","false","70","Idaho","33","253","Southern Utah","32"
"401279060","2020","8","false","257","Richmond","31","2210","Elon","17"
"401285126","2020","8","false","2419","Mount St. Joseph","41","190","Defiance College","22"
"401314428","2020","8","false","2083","Bucknell","38","322","Lafayette","13"
"401302313","2020","8","false","2320","Lamar","31","2466","Northwestern State","23"
"401282292","2020","8","false","302","UC Davis","31","304","Idaho State","27"
"401285252","2020","8","false","101784","ERSKINE","7","2839","Greeneville","47"
"401281549","2020","8","false","331","Eastern Washington","62","13","Cal Poly","10"
"401285214","2020","8","false","351","Wingate","33","2107","Catawba","6"
"401285233","2020","8","false","2224","Findlay","35","2682","Walsh","0"
"401285215","2020","8","false","122666","Wilson","17","2444","Newberry","20"
"401315484","2020","8","false","263","Loras College","61","583","Northwestern (MN)","13"
"401279087","2020","8","false","2627","Tarleton State","38","196","Northeastern State","0"
"401279081","2020","8","false","3101","Utah Tech","60","2237","Fort Lewis","0"
"401284006","2020","9","false","2803","Bryant","10","2184","Duquesne","20"
"401284007","2020","9","false","2341","Long Island University","31","2771","Merrimack","20"
"401279122","2020","9","false","55","Jacksonville State","10","2046","Austin Peay","13"
"401279121","2020","9","false","2546","Southeast Missouri State","24","2635","Tennessee Tech","21"
"401279119","2020","9","false","2634","Tennessee State","26","2630","UT Martin","24"
"401279120","2020","9","false","93","Murray State","41","2197","Eastern Illinois","27"
"401285268","2020","9","false","365","Alfred University","17","390","Utica","10"
"401285254","2020","9","false","2586","Southwest Baptist","20","2654","Truman State","38"
"401285176","2020","9","false","2845","Waynesburg","0","2102","Carnegie Mellon","51"
"401310942","2020","9","false","2686","Washington & Jefferson","20","2242","Geneva","6"
"401279212","2020","9","false","2466","Northwestern State","16","2534","Sam Houston","24"
"401279088","2020","9","false","2627","Tarleton State","14","2191","East Central (OK)","21"
"401289967","2020","9","false","2106","Carthage","21","75","North Park","0"
"401285277","2020","9","false","2003","Adrian","28","354","Olivet College","27"
"401315492","2020","9","false","3112","Christopher Newport","7","2846","Wesley College","23"
"401310824","2020","9","false","2748","Wooster","38","2980","Ohio Wesleyan","52"
"401315487","2020","9","false","2818","Montclair State","28","2970","William Paterson","0"
"401285219","2020","9","false","351","Wingate","21","2331","Lenoir-Rhyne","44"
"401285164","2020","9","false","426","University of Mount Union","20","317","Marietta","3"
"401285217","2020","9","false","2369","Mars Hill","28","2842","UVA Wise","40"
"401285162","2020","9","false","427","Ohio Northern","35","2733","Wilmington (OH)","22"
"401285163","2020","9","false","359","Otterbein","14","191","Heidelberg","44"
"401318734","2020","9","false","2553","Sewanee","21","2256","Greensboro College","24"
"401317736","2020","9","false","2329","Lehigh","0","2083","Bucknell","6"
"401279068","2020","9","false","311","Maine","17","222","Villanova","44"
"401318653","2020","9","false","2913","Brevard College","44","286","North Carolina Wesleyan","14"
"401312900","2020","9","false","2241","Gardner-Webb","19","2405","Monmouth","48"
"401318821","2020","9","false","297","Hampden-Sydney","49","366","Ferrum","21"
"401285075","2020","9","false","2444","Newberry","54","101784","ERSKINE","14"
"401285146","2020","9","false","2151","Concordia University Chicago","3","101","Eureka College","26"
"401285255","2020","9","false","2825","Quincy","0","2292","Indianapolis","38"
"401318733","2020","9","false","2516","Randolph-Macon","13","2213","Emory & Henry College","10"
"401317739","2020","9","false","47","Howard","28","2169","Delaware State","37"
"401286409","2020","9","false","56","Stetson","3","2506","Presbyterian","26"
"401279214","2020","9","false","2377","McNeese","43","2447","Nicholls","31"
"401279188","2020","9","false","2747","Wofford","24","2643","The Citadel","28"
"401279036","2020","9","false","338","Kennesaw State","35","2523","Robert Morris","0"
"401285130","2020","9","false","2419","Mount St. Joseph","47","2074","Bluffton","21"
"401285129","2020","9","false","190","Defiance College","42","2023","Anderson (IN)","19"
"401279186","2020","9","false","2678","VMI","20","2193","East Tennessee State","24"
"401285131","2020","9","false","86","Rose-Hulman","34","2233","Franklin","14"
"401285147","2020","9","false","2283","Benedictine University","30","2044","Aurora","36"
"401279126","2020","9","false","2197","Eastern Illinois","23","55","Jacksonville State","44"
"401279125","2020","9","false","2630","UT Martin","16","2546","Southeast Missouri State","21"
"401286408","2020","9","false","2181","Drake","7","2674","Valparaiso","10"
"401285287","2020","9","false","2257","Greenville","28","2295","Iowa Wesleyan","25"
"401285099","2020","9","false","2964","Central College","49","2564","Simpson College (IA)","14"
"401285100","2020","9","false","67","Luther","21","263","Loras College","45"
"401285145","2020","9","false","2741","Wisconsin-Lutheran","14","6353","Lakeland","62"
"401285148","2020","9","false","2524","Rockford","20","409","Concordia-Wisconsin","14"
"401279124","2020","9","false","2635","Tennessee Tech","24","2634","Tennessee State","10"
"401285288","2020","9","false","2891","Ripon","16","446","Martin Luther","34"
"401286407","2020","9","false","301","San Diego","25","2166","Davidson","31"
"401279123","2020","9","false","2046","Austin Peay","34","93","Murray State","31"
"401310333","2020","9","false","2011","Alabama State","7","2569","South Carolina State","14"
"401286406","2020","9","false","2086","Butler","14","2413","Morehead State","35"
"401279187","2020","9","false","2382","Mercer","26","231","Furman","14"
"401285220","2020","9","false","2839","Greeneville","49","2336","Limestone","17"
"401282298","2020","9","false","253","Southern Utah","16","2692","Weber State","19"
"401286021","2020","9","false","2230","Fordham","40","2142","Colgate","8"
"401285305","2020","9","false","2042","Augustana (IL)","34","74","Millikin","40"
"401279237","2020","9","false","2400","Mississippi Valley State","17","2029","Arkansas-Pine Bluff","24"
"401281575","2020","9","false","302","UC Davis","22","331","Eastern Washington","32"
"401280803","2020","9","false","2296","Jackson State","14","2582","Southern","34"
"401285238","2020","9","false","2273","Hillsdale","7","2838","Tiffin","28"
"401285389","2020","9","false","2699","West Liberty","19","112335","Wheeling","42"
"401282296","2020","9","false","304","Idaho State","24","70","Idaho","22"
"401285289","2020","9","false","583","Northwestern (MN)","27","2399","Minnesota Morris","23"
"401285236","2020","9","false","2316","Kentucky Wesleyan","6","2224","Findlay","54"
"401279213","2020","9","false","2545","SE Louisiana","42","2320","Lamar","12"
"401285257","2020","9","false","2911","William Jewell","28","2402","Missouri S&T","49"
"401279830","2020","9","false","2710","Western Illinois","27","2754","Youngstown State","24"
"401319479","2020","9","false","256","James Madison","23","257","Richmond","6"
"401310827","2020","10","false","110254","Davenport","37","367","Gannon","22"
"401285167","2020","10","false","424","Capital","10","359","Otterbein","47"
"401285184","2020","10","false","2102","Carnegie Mellon","20","2242","Geneva","7"
"401285181","2020","10","false","146","Grove City College","17","2849","Westminster (PA)","24"
"401310943","2020","10","false","2062","Bethany (WV)","40","2845","Waynesburg","7"
"401285166","2020","10","false","191","Heidelberg","42","427","Ohio Northern","35"
"401285165","2020","10","false","317","Marietta","29","332","Muskingum University","7"
"401285298","2020","10","false","205","Pacific (OR)","7","415","NEWBERG","35"
"401286411","2020","10","false","2506","Presbyterian","29","2166","Davidson","24"
"401312901","2020","10","false","2127","Charleston Southern","27","2523","Robert Morris","14"
"401286412","2020","10","false","2413","Morehead State","28","2674","Valparaiso","24"
"401286410","2020","10","false","2086","Butler","7","2181","Drake","33"
"401285397","2020","10","false","2128","University Of Charleston (WV)","39","2707","West Virginia State","10"
"401317737","2020","10","false","322","Lafayette","20","2329","Lehigh","13"
"401286418","2020","10","false","149","Montana","59","2120","Central Washington","3"
"401285188","2020","10","false","2614","Saint Vincent","14","2686","Washington & Jefferson","42"
"401285240","2020","10","false","2838","Tiffin","21","2316","Kentucky Wesleyan","0"
"401285241","2020","10","false","2682","Walsh","21","2273","Hillsdale","31"
"401285102","2020","10","true","6845","Nebraska Wesleyan","19","2964","Central College","37"
"401285400","2020","10","false","341","Frostburg State","55","2017","Alderson-Broaddus","0"
"401279038","2020","10","false","2405","Monmouth","42","338","Kennesaw State","17"
"401317738","2020","10","false","2083","Bucknell","17","2230","Fordham","31"
"401279190","2020","10","false","2643","The Citadel","26","231","Furman","7"
"401285133","2020","10","false","2074","Bluffton","23","190","Defiance College","20"
"401285401","2020","10","false","2249","Glenville State","14","2699","West Liberty","37"
"401285135","2020","10","false","2023","Anderson (IN)","30","2419","Mount St. Joseph","49"
"401285134","2020","10","false","2233","Franklin","21","2262","Hanover College","56"
"401285291","2020","10","false","2399","Minnesota Morris","14","446","Martin Luther","44"
"401319267","2020","10","false","409","Concordia-Wisconsin","33","2891","Ripon","23"
"401319114","2020","10","false","471","Stevenson","28","111674","Reading","10"
"401285290","2020","10","true","2295","Iowa Wesleyan","13","433","Westminster College (MO)","20"
"401319100","2020","10","false","2016","Alcorn State","0","2640","Texas Southern","2"
"401285221","2020","10","false","2331","Lenoir-Rhyne","23","2839","Greeneville","28"
"401279832","2020","10","false","2623","Missouri State","21","2754","Youngstown State","10"
"401282300","2020","10","false","2692","Weber State","20","304","Idaho State","15"
"401316433","2020","10","false","2974","Shepherd","38","2385","Mercyhurst","14"
"401279239","2020","10","false","2296","Jackson State","43","2010","Alabama A&M","52"
"401279240","2020","10","false","2011","Alabama State","42","2400","Mississippi Valley State","17"
"401319264","2020","10","false","262","Lake Forest College","27","2257","Greenville","2"
"401319115","2020","10","false","112335","Wheeling","7","587","Notre Dame College","55"
"401315477","2020","10","false","101784","ERSKINE","21","2232","Fort Valley State","45"
"401285259","2020","10","false","2816","McKendree","30","2825","Quincy","8"
"401286413","2020","10","false","301","San Diego","34","56","Stetson","10"
"401319270","2020","10","false","101","Eureka College","48","2524","Rockford","29"
"401279217","2020","10","false","2447","Nicholls","45","2545","SE Louisiana","52"
"401281576","2020","10","false","331","Eastern Washington","38","70","Idaho","31"
"401279216","2020","10","false","2534","Sam Houston","27","2377","McNeese","13"
"401279833","2020","10","false","2460","Northern Iowa","20","2449","North Dakota State","23"
"401285222","2020","10","false","2444","Newberry","34","351","Wingate","9"
"401288265","2020","10","false","2169","Delaware State","14","48","Delaware","34"
"401279189","2020","10","false","2382","Mercer","21","2193","East Tennessee State","13"
"401285239","2020","10","false","2224","Findlay","10","2477","Ohio Dominican","14"
"401289968","2020","10","false","306","Illinois Wesleyan","42","75","North Park","7"
"401285224","2020","10","false","2336","Limestone","35","2369","Mars Hill","42"
"401285260","2020","10","false","2402","Missouri S&T","48","2586","Southwest Baptist","34"
"401282302","2020","10","false","253","Southern Utah","20","2464","Northern Arizona","28"
"401279215","2020","10","false","2916","Incarnate Word","47","2466","Northwestern State","49"
"401285261","2020","10","false","2654","Truman State","34","2911","William Jewell","15"
"401279129","2020","11","false","93","Murray State","14","55","Jacksonville State","28"
"401279127","2020","11","false","2634","Tennessee State","23","2546","Southeast Missouri State","46"
"401279130","2020","11","false","2630","UT Martin","40","2635","Tennessee Tech","7"
"401285262","2020","11","false","2402","Missouri S&T","27","2654","Truman State","46"
"401310941","2020","11","false","2849","Westminster (PA)","32","2102","Carnegie Mellon","22"
"401285187","2020","11","false","2242","Geneva","24","146","Grove City College","17"
"401285351","2020","11","false","75","North Park","14","2042","Augustana (IL)","51"
"401299612","2020","11","false","2916","Incarnate Word","14","2534","Sam Houston","42"
"401285244","2020","11","false","2477","Ohio Dominican","16","2838","Tiffin","31"
"401279035","2020","11","false","2127","Charleston Southern","20","2241","Gardner-Webb","7"
"401319877","2020","11","false","79","Southern Illinois","55","2545","SE Louisiana","48"
"401286417","2020","11","false","2674","Valparaiso","20","301","San Diego","19"
"401279194","2020","11","false","2535","Samford","44","2382","Mercer","20"
"401279075","2020","11","false","222","Villanova","20","48","Delaware","27"
"401310020","2020","11","false","149","Montana","48","2502","Portland State","7"
"401285284","2020","11","false","354","Olivet College","21","2651","Trine University","36"
"401285282","2020","11","false","2790","Albion","49","2003","Adrian","34"
"401285243","2020","11","false","2316","Kentucky Wesleyan","14","2682","Walsh","24"
"401285242","2020","11","false","2224","Findlay","51","437","Lake Erie","14"
"401285182","2020","11","false","2614","Saint Vincent","56","2845","Waynesburg","26"
"401285398","2020","11","false","2882","UNC Pembroke","28","341","Frostburg State","40"
"401279195","2020","11","false","2678","VMI","31","2643","The Citadel","17"
"401285112","2020","11","false","2074","Bluffton","0","86","Rose-Hulman","35"
"401321513","2020","11","false","2083","Bucknell","10","107","Holy Cross","33"
"401285263","2020","11","false","2911","William Jewell","50","2586","Southwest Baptist","55"
"401279247","2020","11","true","2582","Southern","49","2755","Grambling","7"
"401319101","2020","11","false","2016","Alcorn State","0","2296","Jackson State","2"
"401285109","2020","11","false","2233","Franklin","31","190","Defiance College","18"
"401319269","2020","11","false","409","Concordia-Wisconsin","37","101","Eureka College","21"
"401286416","2020","11","false","2181","Drake","24","2506","Presbyterian","28"
"401317525","2020","11","false","2449","North Dakota State","17","2571","South Dakota State","27"
"401279246","2020","11","false","2029","Arkansas-Pine Bluff","36","2504","Prairie View A&M","31"
"401285264","2020","11","false","2292","Indianapolis","51","2816","McKendree","23"
"401286414","2020","11","false","2413","Morehead State","28","2086","Butler","18"
"401319261","2020","11","false","2286","Illinois College","14","262","Lake Forest College","21"
"401321553","2020","11","false","2464","Northern Arizona","19","70","Idaho","9"
"401285110","2020","11","false","2362","Manchester","42","2419","Mount St. Joseph","44"
"401285307","2020","11","false","2106","Carthage","41","74","Millikin","19"
"401307952","2020","11","false","2169","Delaware State","28","2569","South Carolina State","31"
"401279243","2020","11","true","2010","Alabama A&M","38","2011","Alabama State","14"
"401322298","2020","1","true","2010","Alabama A&M","40","2029","Arkansas-Pine Bluff","33"
"401319259","2020","12","false","111674","Reading","15","388","Lebanon Valley","23"
"401321798","2020","12","false","446","Martin Luther","21","124","Augsburg","24"
"401319194","2020","12","false","2424","New Mexico Highlands","62","2237","Fort Lewis","26"
"401322468","2020","12","false","2849","Westminster (PA)","27","2686","Washington & Jefferson","20"
"401322469","2020","12","false","2845","Waynesburg","14","2242","Geneva","21"
"401310828","2020","12","false","367","Gannon","28","2385","Mercyhurst","21"
"401285245","2020","12","false","2477","Ohio Dominican","28","2273","Hillsdale","35"
"401321797","2020","12","false","2534","Sam Houston","21","2405","Monmouth","15"
"401316493","2020","12","false","354","Olivet College","7","2790","Albion","35"
"401321793","2020","12","false","55","Jacksonville State","49","2166","Davidson","14"
"401319265","2020","12","false","262","Lake Forest College","38","2891","Ripon","10"
"401321790","2020","12","false","2571","South Dakota State","31","107","Holy Cross","3"
"401321796","2020","12","false","2449","North Dakota State","42","331","Eastern Washington","20"
"401321791","2020","12","false","2692","Weber State","31","79","Southern Illinois","34"
"401321795","2020","12","false","155","North Dakota","44","2623","Missouri State","10"
"401321792","2020","12","false","48","Delaware","19","2529","Sacred Heart","10"
"401285247","2020","12","false","2838","Tiffin","23","2224","Findlay","8"
"401319257","2020","12","false","388","Lebanon Valley","51","2015","Albright","14"
"401285246","2020","12","false","437","Lake Erie","14","2316","Kentucky Wesleyan","23"
"401319260","2020","12","false","2969","Misericordia","7","2354","Lycoming","30"
"401285297","2020","12","false","446","Martin Luther","39","561","Mayville State","31"
"401285296","2020","12","false","433","Westminster College (MO)","14","2295","Iowa Wesleyan","35"
"401319258","2020","12","false","2015","Albright","20","111674","Reading","14"
"401322679","2020","12","false","2534","Sam Houston","24","2449","North Dakota State","20"
"401322682","2020","12","false","55","Jacksonville State","14","48","Delaware","20"
"401322681","2020","12","false","2571","South Dakota State","31","79","Southern Illinois","26"
"401324108","2020","12","false","2571","South Dakota State","33","48","Delaware","3"
