Id,Season,Week,NeutralSite,HomeId,HomeTeam,HomePoints,HomeTeamTalent,HomeCohesionScore,AwayId,AwayTeam,AwayPoints,AwayTeamTalent,AwayCohesionScore,UnexpectedResult
401218616,2020,1,True,2110,Central Arkansas,24,24.08,,2046,Austin Peay,17,149.28,,0.0
401238035,2020,1,False,5,UAB,45,383.56,,2110,Central Arkansas,35,24.08,,
401207101,2020,1,False,2572,Southern Miss,21,401.05,7.660818713450292,6,South Alabama,32,265.69,,1.0
401237353,2020,1,False,276,Marshall,59,408.98,,2198,Eastern Kentucky,0,148.05,,
401235700,2020,1,False,349,Army,42,152.03,2.2916666666666665,2393,Middle Tennessee,0,405.4,,0.0
401212484,2020,1,False,326,Texas State,24,382.6,0.6757352941176471,2567,SMU,31,604.59,0.5319047619047619,
401207098,2020,1,False,249,North Texas,57,415.68,2.831439393939394,2277,Houston Christian,31,26.8,,
401212553,2020,1,False,235,Memphis,37,587.17,1.5,2032,Arkansas State,24,389.49,4.888541666666667,
401239884,2020,1,False,2638,UTEP,24,297.36,,2617,Stephen F. Austin,14,99.93,,
401234576,2020,1,False,2426,Navy,3,266.19,,252,BYU,55,510.95,,
401234559,2020,2,False,2390,Miami,31,822.41,,5,UAB,14,383.56,,
401234565,2020,2,False,153,North Carolina,31,740.19,1.6387151310228232,183,Syracuse,6,578.28,8.015625,
401236221,2020,2,False,66,Iowa State,14,602.96,0.7881181318681318,309,Louisiana,31,378.95,0.9203088578088578,1.0
401236081,2020,2,False,2026,App State,35,382.58,,2429,Charlotte,20,462.29,3.0416666666666665,0.0
401236053,2020,2,False,2306,Kansas State,31,560.96,2.8179621848739496,2032,Arkansas State,35,389.49,4.888541666666667,1.0
401236038,2020,2,False,277,West Virginia,56,631.27,1.0632097069597068,2198,Eastern Kentucky,10,148.05,,
401240113,2020,2,False,349,Army,37,152.03,2.2916666666666665,2433,UL Monroe,7,286.74,,0.0
401234574,2020,2,False,87,Notre Dame,27,866.21,2.391043771043771,150,Duke,13,617.12,,
401207113,2020,2,False,326,Texas State,48,382.6,0.6757352941176471,2636,UTSA,51,458.03,2.696266233766234,
401234563,2020,2,False,52,Florida State,13,832.59,1.6180860805860806,59,Georgia Tech,16,684.42,3.0785714285714287,1.0
401240233,2020,2,False,221,Pittsburgh,55,653.05,4.281170446913482,2046,Austin Peay,0,149.28,,
401215298,2020,2,False,290,Georgia Southern,27,335.43,5.496875,2097,Campbell,26,93.73,,
401236054,2020,2,False,201,Oklahoma,48,866.36,0.8,2623,Missouri State,0,85.24,,
401240039,2020,2,False,58,South Florida,27,538.18,,2643,The Citadel,6,23.94,,
401234562,2020,2,False,154,Wake Forest,13,577.3,,228,Clemson,37,915.57,3.400366161616162,
401239973,2020,2,False,6,South Alabama,24,265.69,,2655,Tulane,27,526.19,15.75,
401236222,2020,2,False,251,Texas,59,892.91,0.84375,2638,UTEP,3,297.36,,
401234564,2020,2,False,97,Louisville,35,621.82,2.5735042735042737,98,Western Kentucky,21,447.91,3.195970695970696,
401236039,2020,2,False,2641,Texas Tech,35,619.6,,2277,Houston Christian,33,26.8,,
401236658,2020,2,False,2305,Kansas,23,546.08,,324,Coastal Carolina,38,213.39,4.03125,1.0
401240126,2020,3,False,324,Coastal Carolina,43,213.39,4.03125,2097,Campbell,21,93.73,,
401212541,2020,3,False,2132,Cincinnati,55,600.61,2.579732359144124,2046,Austin Peay,20,149.28,,
401234567,2020,3,False,150,Duke,6,617.12,,103,Boston College,26,602.69,,1.0
401234571,2020,3,False,221,Pittsburgh,21,653.05,4.281170446913482,183,Syracuse,10,578.28,8.015625,
401207124,2020,3,False,98,Western Kentucky,24,447.91,3.195970695970696,2335,Liberty,30,158.93,10.75,1.0
401215301,2020,3,False,2247,Georgia State,31,333.22,2.979928774928775,309,Louisiana,34,378.95,0.9203088578088578,
401212522,2020,3,False,2655,Tulane,24,526.19,15.75,2426,Navy,27,266.19,,1.0
401236041,2020,3,False,197,Oklahoma State,16,639.23,2.2167055191397296,202,Tulsa,7,470.03,,
401241282,2020,3,False,87,Notre Dame,52,866.21,2.391043771043771,58,South Florida,0,538.18,,
401234568,2020,3,False,59,Georgia Tech,21,684.42,3.0785714285714287,2116,UCF,49,593.07,1.5297619047619049,1.0
401240041,2020,3,False,2636,UTSA,24,458.03,2.696266233766234,2617,Stephen F. Austin,10,99.93,,
401236939,2020,3,False,276,Marshall,17,408.98,,2026,App State,7,382.58,,
401240640,2020,3,False,2393,Middle Tennessee,14,405.4,,2653,Troy,47,323.67,1.8,1.0
401237492,2020,3,False,228,Clemson,49,915.57,3.400366161616162,2643,The Citadel,0,23.94,,
401207120,2020,3,False,249,North Texas,35,415.68,2.831439393939394,2567,SMU,65,604.59,0.5319047619047619,
401234569,2020,3,False,97,Louisville,34,621.82,2.5735042735042737,2390,Miami,47,822.41,,
401207106,2020,3,False,2572,Southern Miss,30,401.05,7.660818713450292,2348,Louisiana Tech,31,467.46,,
401215302,2020,3,False,2433,UL Monroe,17,286.74,,326,Texas State,38,382.6,0.6757352941176471,
401234570,2020,3,False,152,NC State,45,680.31,0.5177910052910053,154,Wake Forest,42,577.3,,
401239885,2020,3,False,2638,UTEP,17,297.36,,2000,Abilene Christian,13,79.83,,
401207132,2020,4,False,6,South Alabama,10,265.69,,5,UAB,42,383.56,,
401207134,2020,4,False,2636,UTSA,37,458.03,2.696266233766234,2393,Middle Tennessee,35,405.4,,
401237034,2020,4,False,2,Auburn,29,844.78,4.114550264550264,96,Kentucky,13,716.65,3.186957744636316,
401236253,2020,4,False,2026,App State,52,382.58,,2097,Campbell,21,93.73,,
401215303,2020,4,False,309,Louisiana,20,378.95,0.9203088578088578,290,Georgia Southern,18,335.43,5.496875,
401212536,2020,4,False,151,East Carolina,28,528.47,2.724244505494505,2116,UCF,51,593.07,1.5297619047619049,
401234594,2020,4,False,183,Syracuse,37,578.28,8.015625,59,Georgia Tech,20,684.42,3.0785714285714287,0.0
401234595,2020,4,False,221,Pittsburgh,23,653.05,4.281170446913482,97,Louisville,20,621.82,2.5735042735042737,
401235996,2020,4,False,201,Oklahoma,35,866.36,0.8,2306,Kansas State,38,560.96,2.8179621848739496,1.0
401236952,2020,4,False,145,Ole Miss,35,702.2,1.246626984126984,57,Florida,51,809.32,,
401237493,2020,4,False,2643,The Citadel,14,23.94,,2198,Eastern Kentucky,37,148.05,,
401207126,2020,4,False,2335,Liberty,36,158.93,10.75,2229,Florida International,34,480.5,,0.0
401235994,2020,4,False,2628,TCU,34,712.31,,66,Iowa State,37,602.96,0.7881181318681318,1.0
401235997,2020,4,False,197,Oklahoma State,27,639.23,2.2167055191397296,277,West Virginia,13,631.27,1.0632097069597068,
401240194,2020,4,False,2433,UL Monroe,6,286.74,,2638,UTEP,31,297.36,,
401237035,2020,4,False,99,LSU,34,873.23,,344,Mississippi State,44,739.3,3.2962367760444686,1.0
401240996,2020,4,False,2132,Cincinnati,24,600.61,2.579732359144124,349,Army,10,152.03,2.2916666666666665,
401235995,2020,4,False,2641,Texas Tech,56,619.6,,251,Texas,63,892.91,0.84375,
401234638,2020,4,False,258,Virginia,38,588.54,1.12,150,Duke,20,617.12,,0.0
401237033,2020,4,False,8,Arkansas,10,719.15,1.2083333333333333,61,Georgia,37,990.47,1.0692349317349317,
401241303,2020,4,False,103,Boston College,24,602.69,,326,Texas State,21,382.6,0.6757352941176471,
401236951,2020,4,False,142,Missouri,19,627.24,1.1432539682539682,333,Alabama,38,985.86,3.31765873015873,
401234734,2020,4,False,2572,Southern Miss,24,401.05,7.660818713450292,2655,Tulane,66,526.19,15.75,
401212485,2020,4,False,2567,SMU,50,604.59,0.5319047619047619,2617,Stephen F. Austin,7,99.93,,
401232157,2020,4,False,2348,Louisiana Tech,66,467.46,,2277,Houston Christian,38,26.8,,
401237037,2020,4,False,245,Texas A&M,17,875.1,0.431845238095238,238,Vanderbilt,12,607.68,,
401237036,2020,4,False,2579,South Carolina,27,771.64,1.1767857142857143,2633,Tennessee,31,844.16,,
401235993,2020,4,False,239,Baylor,47,642.13,3.204761904761905,2305,Kansas,14,546.08,,
401234593,2020,4,False,2390,Miami,52,822.41,,52,Florida State,10,832.59,1.6180860805860806,0.0
401234566,2020,4,False,259,Virginia Tech,45,670.7,,152,NC State,24,680.31,0.5177910052910053,0.0
401236381,2020,4,False,2110,Central Arkansas,27,24.08,,2623,Missouri State,20,85.24,,0.0
401236223,2020,4,False,252,BYU,48,510.95,,2653,Troy,7,323.67,1.8,
401240282,2020,5,False,154,Wake Forest,66,577.3,,2097,Campbell,14,93.73,,
401246275,2020,5,False,252,BYU,45,510.95,,2348,Louisiana Tech,14,467.46,,
401234600,2020,5,False,221,Pittsburgh,29,653.05,4.281170446913482,152,NC State,30,680.31,0.5177910052910053,
401235998,2020,5,False,277,West Virginia,27,631.27,1.0632097069597068,239,Baylor,21,642.13,3.204761904761905,0.0
401237099,2020,5,False,2633,Tennessee,35,844.16,,142,Missouri,12,627.24,1.1432539682539682,
401237096,2020,5,False,57,Florida,38,809.32,,2579,South Carolina,24,771.64,1.1767857142857143,
401236002,2020,5,False,251,Texas,31,892.91,0.84375,2628,TCU,33,712.31,,1.0
401212547,2020,5,False,2247,Georgia State,49,333.22,2.979928774928775,151,East Carolina,29,528.47,2.724244505494505,0.0
401215304,2020,5,False,324,Coastal Carolina,52,213.39,4.03125,2032,Arkansas State,23,389.49,4.888541666666667,0.0
401207141,2020,5,False,5,UAB,21,383.56,,2636,UTSA,13,458.03,2.696266233766234,0.0
401237513,2020,5,False,2335,Liberty,28,158.93,10.75,2453,North Alabama,7,46.88,,
401240040,2020,5,False,349,Army,55,152.03,2.2916666666666665,2000,Abilene Christian,23,79.83,,
401246566,2020,5,False,2198,Eastern Kentucky,30,148.05,,2277,Houston Christian,33,26.8,,1.0
401240124,2020,5,False,2449,North Dakota State,39,61.62,,2110,Central Arkansas,28,24.08,,
401237093,2020,5,False,333,Alabama,52,985.86,3.31765873015873,245,Texas A&M,24,875.1,0.431845238095238,
401212486,2020,5,False,2567,SMU,30,604.59,0.5319047619047619,235,Memphis,27,587.17,1.5,
401234597,2020,5,False,103,Boston College,22,602.69,,153,North Carolina,26,740.19,1.6387151310228232,
401236001,2020,5,False,2306,Kansas State,31,560.96,2.8179621848739496,2641,Texas Tech,21,619.6,,0.0
401212476,2020,5,False,2132,Cincinnati,28,600.61,2.579732359144124,58,South Florida,7,538.18,,
401236000,2020,5,False,2305,Kansas,7,546.08,,197,Oklahoma State,47,639.23,2.2167055191397296,
401238034,2020,5,False,52,Florida State,41,832.59,1.6180860805860806,55,Jacksonville State,24,,,0.0
401237097,2020,5,False,96,Kentucky,41,716.65,3.186957744636316,145,Ole Miss,42,702.2,1.246626984126984,1.0
401234599,2020,5,False,150,Duke,31,617.12,,259,Virginia Tech,38,670.7,,
401207136,2020,5,False,2226,Florida Atlantic,21,488.99,1.6249417249417248,2429,Charlotte,17,462.29,3.0416666666666665,
401207138,2020,5,False,2393,Middle Tennessee,17,405.4,,98,Western Kentucky,20,447.91,3.195970695970696,
401240042,2020,5,False,2617,Stephen F. Austin,34,99.93,,2704,West Texas A&M,6,,,0.0
401212557,2020,5,False,2005,Air Force,40,71.92,,2426,Navy,7,266.19,,0.0
401215305,2020,5,False,2433,UL Monroe,30,286.74,,290,Georgia Southern,35,335.43,5.496875,
401237095,2020,5,False,61,Georgia,27,990.47,1.0692349317349317,2,Auburn,6,844.78,4.114550264550264,
401237094,2020,5,False,344,Mississippi State,14,739.3,3.2962367760444686,8,Arkansas,21,719.15,1.2083333333333333,1.0
401212531,2020,5,False,2116,UCF,26,593.07,1.5297619047619049,202,Tulsa,34,470.03,,1.0
401237098,2020,5,False,238,Vanderbilt,7,607.68,,99,LSU,41,873.23,,
401235999,2020,5,False,66,Iowa State,37,602.96,0.7881181318681318,201,Oklahoma,30,866.36,0.8,0.0
401207139,2020,5,False,249,North Texas,31,415.68,2.831439393939394,2572,Southern Miss,41,401.05,7.660818713450292,1.0
401234598,2020,5,False,228,Clemson,41,915.57,3.400366161616162,258,Virginia,23,588.54,1.12,
401212523,2020,6,False,248,Houston,49,608.28,1.335489291410344,2655,Tulane,31,526.19,15.75,
401234601,2020,6,False,59,Georgia Tech,46,684.42,3.0785714285714287,97,Louisville,27,621.82,2.5735042735042737,
401236005,2020,6,True,201,Oklahoma,53,866.36,0.8,251,Texas,45,892.91,0.84375,0.0
401234608,2020,6,False,258,Virginia,21,588.54,1.12,152,NC State,38,680.31,0.5177910052910053,
401237102,2020,6,False,245,Texas A&M,41,875.1,0.431845238095238,57,Florida,38,809.32,,
401207215,2020,6,False,2335,Liberty,40,158.93,10.75,2433,UL Monroe,7,286.74,,0.0
401237106,2020,6,False,238,Vanderbilt,7,607.68,,2579,South Carolina,41,771.64,1.1767857142857143,
401237105,2020,6,False,99,LSU,41,873.23,,142,Missouri,45,627.24,1.1432539682539682,1.0
401234607,2020,6,False,153,North Carolina,56,740.19,1.6387151310228232,259,Virginia Tech,45,670.7,,
401234605,2020,6,False,183,Syracuse,24,578.28,8.015625,150,Duke,38,617.12,,
401240114,2020,6,False,349,Army,14,152.03,2.2916666666666665,2643,The Citadel,9,23.94,,
401240117,2020,6,False,55,Jacksonville State,34,,,2382,Mercer,28,25.92,,0.0
401237103,2020,6,False,61,Georgia,44,990.47,1.0692349317349317,2633,Tennessee,21,844.16,,
401215308,2020,6,False,2653,Troy,37,323.67,1.8,326,Texas State,17,382.6,0.6757352941176471,0.0
401236003,2020,6,False,66,Iowa State,31,602.96,0.7881181318681318,2641,Texas Tech,15,619.6,,0.0
401240997,2020,6,False,252,BYU,27,510.95,,2636,UTSA,20,458.03,2.696266233766234,
401246425,2020,6,False,2032,Arkansas State,50,389.49,4.888541666666667,2110,Central Arkansas,27,24.08,,
401234603,2020,6,False,103,Boston College,31,602.69,,221,Pittsburgh,30,653.05,4.281170446913482,0.0
401236004,2020,6,False,2628,TCU,14,712.31,,2306,Kansas State,21,560.96,2.8179621848739496,1.0
401207143,2020,6,False,2229,Florida International,28,480.5,,2393,Middle Tennessee,31,405.4,,1.0
401237101,2020,6,False,2,Auburn,30,844.78,4.114550264550264,8,Arkansas,28,719.15,1.2083333333333333,
401212515,2020,6,False,2426,Navy,31,266.19,,218,Temple,29,482.14,1.125,0.0
401212477,2020,6,False,58,South Florida,24,538.18,,151,East Carolina,44,528.47,2.724244505494505,1.0
401237104,2020,6,False,96,Kentucky,24,716.65,3.186957744636316,344,Mississippi State,2,739.3,3.2962367760444686,0.0
401207145,2020,6,False,2348,Louisiana Tech,21,467.46,,2638,UTEP,17,297.36,,
401234604,2020,6,False,228,Clemson,42,915.57,3.400366161616162,2390,Miami,17,822.41,,
401237100,2020,6,False,145,Ole Miss,48,702.2,1.246626984126984,333,Alabama,63,985.86,3.31765873015873,
401234606,2020,6,False,87,Notre Dame,42,866.21,2.391043771043771,52,Florida State,26,832.59,1.6180860805860806,
401207146,2020,6,False,98,Western Kentucky,14,447.91,3.195970695970696,276,Marshall,38,408.98,,1.0
401207142,2020,6,False,249,North Texas,21,415.68,2.831439393939394,2429,Charlotte,49,462.29,3.0416666666666665,
401215311,2020,7,False,309,Louisiana,27,378.95,0.9203088578088578,324,Coastal Carolina,30,213.39,4.03125,1.0
401215310,2020,7,False,2032,Arkansas State,59,389.49,4.888541666666667,2247,Georgia State,52,333.22,2.979928774928775,
401212487,2020,7,False,2655,Tulane,34,526.19,15.75,2567,SMU,37,604.59,0.5319047619047619,
401212551,2020,7,False,248,Houston,26,608.28,1.335489291410344,252,BYU,43,510.95,,1.0
401237109,2020,7,False,2579,South Carolina,30,771.64,1.1767857142857143,2,Auburn,22,844.78,4.114550264550264,0.0
401234615,2020,7,False,183,Syracuse,21,578.28,8.015625,2335,Liberty,38,158.93,10.75,1.0
401212548,2020,7,False,151,East Carolina,23,528.47,2.724244505494505,2426,Navy,27,266.19,,1.0
401234614,2020,7,False,2390,Miami,31,822.41,,221,Pittsburgh,19,653.05,4.281170446913482,
401212478,2020,7,False,218,Temple,39,482.14,1.125,58,South Florida,37,538.18,,0.0
401215313,2020,7,False,6,South Alabama,30,265.69,,326,Texas State,20,382.6,0.6757352941176471,0.0
401234610,2020,7,False,59,Georgia Tech,7,684.42,3.0785714285714287,228,Clemson,73,915.57,3.400366161616162,
401236007,2020,7,False,277,West Virginia,38,631.27,1.0632097069597068,2305,Kansas,17,546.08,,
401237111,2020,7,False,2633,Tennessee,7,844.16,,96,Kentucky,34,716.65,3.186957744636316,1.0
401207153,2020,7,False,5,UAB,37,383.56,,98,Western Kentucky,14,447.91,3.195970695970696,0.0
401240115,2020,7,False,2636,UTSA,16,458.03,2.696266233766234,349,Army,28,152.03,2.2916666666666665,1.0
401240034,2020,7,False,2453,North Alabama,17,46.88,,55,Jacksonville State,24,,,
401234613,2020,7,False,87,Notre Dame,12,866.21,2.391043771043771,97,Louisville,7,621.82,2.5735042735042737,
401234611,2020,7,False,152,NC State,31,680.31,0.5177910052910053,150,Duke,20,617.12,,
401212537,2020,7,False,235,Memphis,50,587.17,1.5,2116,UCF,49,593.07,1.5297619047619049,0.0
401237108,2020,7,False,8,Arkansas,33,719.15,1.2083333333333333,145,Ole Miss,21,702.2,1.246626984126984,
401239872,2020,7,False,2653,Troy,31,323.67,1.8,2198,Eastern Kentucky,29,148.05,,
401250215,2020,7,False,290,Georgia Southern,41,335.43,5.496875,113,Massachusetts,0,246.83,,
401234616,2020,7,False,154,Wake Forest,40,577.3,,258,Virginia,23,588.54,1.12,0.0
401237112,2020,7,False,344,Mississippi State,14,739.3,3.2962367760444686,245,Texas A&M,28,875.1,0.431845238095238,
401207150,2020,7,False,2393,Middle Tennessee,35,405.4,,249,North Texas,52,415.68,2.831439393939394,
401249652,2020,7,False,2617,Stephen F. Austin,31,99.93,,2025,Angelo State,12,,,0.0
401207149,2020,7,False,2348,Louisiana Tech,17,467.46,,276,Marshall,35,408.98,,1.0
401234612,2020,7,False,52,Florida State,31,832.59,1.6180860805860806,153,North Carolina,28,740.19,1.6387151310228232,
401234609,2020,7,False,259,Virginia Tech,40,670.7,,103,Boston College,14,602.69,,
401236382,2020,7,False,2623,Missouri State,24,85.24,,2110,Central Arkansas,33,24.08,,1.0
401237107,2020,7,False,333,Alabama,41,985.86,3.31765873015873,61,Georgia,24,990.47,1.0692349317349317,0.0
401240642,2020,8,False,2026,App State,45,382.58,,2032,Arkansas State,17,389.49,4.888541666666667,0.0
401250783,2020,8,False,2229,Florida International,10,480.5,,55,Jacksonville State,19,,,
401212479,2020,8,False,58,South Florida,13,538.18,,202,Tulsa,42,470.03,,1.0
401247297,2020,8,False,275,Wisconsin,45,676.48,1.204047619047619,356,Illinois,7,644.09,,
401238036,2020,8,False,5,UAB,20,383.56,,309,Louisiana,24,378.95,0.9203088578088578,1.0
401234619,2020,8,False,97,Louisville,48,621.82,2.5735042735042737,52,Florida State,16,832.59,1.6180860805860806,0.0
401236011,2020,8,False,2628,TCU,14,712.31,,201,Oklahoma,33,866.36,0.8,
401247299,2020,8,False,127,Michigan State,27,673.43,2.877142857142857,164,Rutgers,38,588.56,2.6320728291316526,1.0
401236010,2020,8,False,2306,Kansas State,55,560.96,2.8179621848739496,2305,Kansas,14,546.08,,
401234618,2020,8,False,228,Clemson,47,915.57,3.400366161616162,183,Syracuse,21,578.28,8.015625,
401207154,2020,8,False,2429,Charlotte,38,462.29,3.0416666666666665,2638,UTEP,28,297.36,,
401215316,2020,8,False,324,Coastal Carolina,28,213.39,4.03125,290,Georgia Southern,14,335.43,5.496875,0.0
401237115,2020,8,False,145,Ole Miss,28,702.2,1.246626984126984,2,Auburn,35,844.78,4.114550264550264,
401212516,2020,8,False,235,Memphis,41,587.17,1.5,218,Temple,29,482.14,1.125,
401247293,2020,8,False,194,Ohio State,52,976.48,1.6314285714285712,158,Nebraska,17,733.39,0.7708333333333334,
401240116,2020,8,False,349,Army,49,152.03,2.2916666666666665,2382,Mercer,3,25.92,,
401234621,2020,8,False,153,North Carolina,48,740.19,1.6387151310228232,152,NC State,21,680.31,0.5177910052910053,
401207160,2020,8,False,2335,Liberty,56,158.93,10.75,2572,Southern Miss,35,401.05,7.660818713450292,0.0
401248039,2020,8,True,2617,Stephen F. Austin,35,99.93,,2000,Abilene Christian,32,79.83,,
401212524,2020,8,False,2116,UCF,51,593.07,1.5297619047619049,2655,Tulane,34,526.19,15.75,
401207156,2020,8,False,276,Marshall,20,408.98,,2226,Florida Atlantic,9,488.99,1.6249417249417248,0.0
401239871,2020,8,False,2198,Eastern Kentucky,31,148.05,,2110,Central Arkansas,28,24.08,,
401247295,2020,8,False,84,Indiana,36,611.17,2.7865079365079364,213,Penn State,35,850.7,0.6308471620971621,0.0
401234623,2020,8,False,154,Wake Forest,23,577.3,,259,Virginia Tech,16,670.7,,0.0
401207158,2020,8,False,242,Rice,34,358.95,,2393,Middle Tennessee,40,405.4,,
401237114,2020,8,False,2633,Tennessee,17,844.16,,333,Alabama,48,985.86,3.31765873015873,
401236008,2020,8,False,251,Texas,27,892.91,0.84375,239,Baylor,16,642.13,3.204761904761905,
401212552,2020,8,False,2426,Navy,21,266.19,,248,Houston,37,608.28,1.335489291410344,
401236009,2020,8,False,197,Oklahoma State,24,639.23,2.2167055191397296,66,Iowa State,21,602.96,0.7881181318681318,
401247296,2020,8,False,2509,Purdue,24,644.03,0.6672619047619047,2294,Iowa,20,631.81,5.416666666666667,
401234622,2020,8,False,221,Pittsburgh,3,653.05,4.281170446913482,87,Notre Dame,45,866.21,2.391043771043771,
401237122,2020,8,False,142,Missouri,20,627.24,1.1432539682539682,96,Kentucky,10,716.65,3.186957744636316,0.0
401234617,2020,8,False,103,Boston College,48,602.69,,59,Georgia Tech,27,684.42,3.0785714285714287,0.0
401215317,2020,8,False,2653,Troy,34,323.67,1.8,2247,Georgia State,36,333.22,2.979928774928775,
401207102,2020,8,False,98,Western Kentucky,13,447.91,3.195970695970696,236,Chattanooga,10,150.93,,
401236012,2020,8,False,2641,Texas Tech,34,619.6,,277,West Virginia,27,631.27,1.0632097069597068,0.0
401250784,2020,8,False,6,South Alabama,38,265.69,,2433,UL Monroe,14,286.74,,0.0
401248998,2020,8,False,2440,Nevada,37,400.84,2.507894486465915,2751,Wyoming,34,352.91,5.003676470588236,
401237118,2020,8,False,99,LSU,52,873.23,,2579,South Carolina,24,771.64,1.1767857142857143,
401248997,2020,8,False,68,Boise State,42,571.21,9.98809523809524,328,Utah State,13,400.78,,
401247298,2020,8,False,77,Northwestern,43,629.84,,120,Maryland,3,646.29,1.9145833333333333,0.0
401248994,2020,8,False,278,Fresno State,19,440.1,4.0650673400673405,62,Hawai'i,34,393.56,,1.0
401247294,2020,8,False,135,Minnesota,24,594.7,2.602777777777778,130,Michigan,49,832.65,3.88939393939394,
401207157,2020,8,False,2636,UTSA,27,458.03,2.696266233766234,2348,Louisiana Tech,26,467.46,,0.0
401234620,2020,8,False,2390,Miami,19,822.41,,258,Virginia,14,588.54,1.12,
401212488,2020,8,False,2567,SMU,13,604.59,0.5319047619047619,2132,Cincinnati,42,600.61,2.579732359144124,1.0
401240998,2020,8,False,252,BYU,52,510.95,,326,Texas State,14,382.6,0.6757352941176471,
401248996,2020,8,False,21,San Diego State,34,454.6,7.704545454545454,2439,UNLV,6,447.31,1.7444444444444445,
401248993,2020,8,False,23,San José State,17,397.99,,2005,Air Force,6,71.92,,
401215321,2020,9,False,290,Georgia Southern,24,335.43,5.496875,6,South Alabama,17,265.69,,
401249000,2020,9,False,278,Fresno State,38,440.1,4.0650673400673405,36,Colorado State,17,446.94,5.866666666666667,0.0
401247675,2020,9,False,79,Southern Illinois,20,96.82,,2546,Southeast Missouri State,17,41.44,,
401247302,2020,9,False,120,Maryland,45,646.29,1.9145833333333333,135,Minnesota,44,594.7,2.602777777777778,
401212533,2020,9,False,202,Tulsa,34,470.03,,151,East Carolina,30,528.47,2.724244505494505,0.0
401249001,2020,9,False,2751,Wyoming,31,352.91,5.003676470588236,62,Hawai'i,7,393.56,,0.0
401207162,2020,9,False,2226,Florida Atlantic,24,488.99,1.6249417249417248,2636,UTSA,3,458.03,2.696266233766234,
401212543,2020,9,False,2132,Cincinnati,49,600.61,2.579732359144124,235,Memphis,10,587.17,1.5,
401234629,2020,9,False,183,Syracuse,14,578.28,8.015625,154,Wake Forest,38,577.3,,1.0
401212517,2020,9,False,2655,Tulane,38,526.19,15.75,218,Temple,3,482.14,1.125,
401247301,2020,9,False,356,Illinois,24,644.09,,2509,Purdue,31,644.03,0.6672619047619047,1.0
401247305,2020,9,False,130,Michigan,24,832.65,3.88939393939394,127,Michigan State,27,673.43,2.877142857142857,1.0
401237117,2020,9,False,96,Kentucky,3,716.65,3.186957744636316,61,Georgia,14,990.47,1.0692349317349317,
401234624,2020,9,False,228,Clemson,34,915.57,3.400366161616162,103,Boston College,28,602.69,,
401236014,2020,9,False,2305,Kansas,22,546.08,,66,Iowa State,52,602.96,0.7881181318681318,
401236015,2020,9,False,277,West Virginia,37,631.27,1.0632097069597068,2306,Kansas State,10,560.96,2.8179621848739496,
401215318,2020,9,False,2247,Georgia State,0,333.22,2.979928774928775,324,Coastal Carolina,51,213.39,4.03125,1.0
401212538,2020,9,False,248,Houston,21,608.28,1.335489291410344,2116,UCF,44,593.07,1.5297619047619049,1.0
401248073,2020,9,False,2382,Mercer,17,25.92,,2000,Abilene Christian,20,79.83,,
401207166,2020,9,False,2572,Southern Miss,6,401.05,7.660818713450292,242,Rice,30,358.95,,1.0
401215320,2020,9,False,2032,Arkansas State,10,389.49,4.888541666666667,2653,Troy,38,323.67,1.8,1.0
401250213,2020,9,False,2617,Stephen F. Austin,64,99.93,,2714,Western Colorado,7,,,0.0
401237121,2020,9,False,2,Auburn,48,844.78,4.114550264550264,99,LSU,11,873.23,,0.0
401247303,2020,9,False,2294,Iowa,20,631.81,5.416666666666667,77,Northwestern,21,629.84,,1.0
401247300,2020,9,False,164,Rutgers,21,588.56,2.6320728291316526,84,Indiana,37,611.17,2.7865079365079364,
401234626,2020,9,False,59,Georgia Tech,13,684.42,3.0785714285714287,87,Notre Dame,31,866.21,2.391043771043771,
401207163,2020,9,False,2348,Louisiana Tech,37,467.46,,5,UAB,34,383.56,,
401236013,2020,9,False,239,Baylor,23,642.13,3.204761904761905,2628,TCU,33,712.31,,
401215319,2020,9,False,2433,UL Monroe,13,286.74,,2026,App State,31,382.58,,
401236017,2020,9,False,197,Oklahoma State,34,639.23,2.2167055191397296,251,Texas,41,892.91,0.84375,
401234627,2020,9,False,97,Louisville,35,621.82,2.5735042735042737,259,Virginia Tech,42,670.7,,
401239873,2020,9,False,2110,Central Arkansas,52,24.08,,137,Missouri Western,10,,,0.0
401237123,2020,9,False,238,Vanderbilt,21,607.68,,145,Ole Miss,54,702.2,1.246626984126984,
401248999,2020,9,False,2005,Air Force,30,71.92,,68,Boise State,49,571.21,9.98809523809524,
401249003,2020,9,False,167,New Mexico,21,340.16,3.714871794871795,23,San José State,38,397.99,,
401237119,2020,9,False,333,Alabama,41,985.86,3.31765873015873,344,Mississippi State,0,739.3,3.2962367760444686,
401234625,2020,9,False,150,Duke,53,617.12,,2429,Charlotte,19,462.29,3.0416666666666665,
401237116,2020,9,False,57,Florida,41,809.32,,142,Missouri,17,627.24,1.1432539682539682,
401247306,2020,9,False,213,Penn State,25,850.7,0.6308471620971621,194,Ohio State,38,976.48,1.6314285714285712,
401212489,2020,9,False,2567,SMU,51,604.59,0.5319047619047619,2426,Navy,37,266.19,,
401237120,2020,9,False,245,Texas A&M,42,875.1,0.431845238095238,8,Arkansas,31,719.15,1.2083333333333333,
401234628,2020,9,False,258,Virginia,44,588.54,1.12,153,North Carolina,41,740.19,1.6387151310228232,0.0
401215322,2020,9,False,326,Texas State,34,382.6,0.6757352941176471,309,Louisiana,44,378.95,0.9203088578088578,1.0
401236016,2020,9,False,2641,Texas Tech,28,619.6,,201,Oklahoma,62,866.36,0.8,
401249004,2020,9,False,328,Utah State,7,400.78,,21,San Diego State,38,454.6,7.704545454545454,
401239887,2020,9,False,252,BYU,41,510.95,,98,Western Kentucky,10,447.91,3.195970695970696,
401249002,2020,9,False,2439,UNLV,19,447.31,1.7444444444444445,2440,Nevada,37,400.84,2.507894486465915,1.0
401249857,2020,10,False,2006,Akron,13,232.81,,2711,Western Michigan,58,382.78,,
401249856,2020,10,False,2309,Kent State,27,270.29,0.7666666666666666,2199,Eastern Michigan,23,246.82,,
401249889,2020,10,False,193,Miami (OH),38,259.14,,2050,Ball State,31,257.94,10.318518518518518,
401249860,2020,10,False,2117,Central Michigan,30,350.35,3.879166666666667,195,Ohio,27,304.79,,
401249859,2020,10,False,2459,Northern Illinois,30,262.67,,2084,Buffalo,49,252.86,1.6488425925925927,1.0
401249858,2020,10,False,2649,Toledo,38,391.54,,189,Bowling Green,3,215.06,1.2378571428571428,
401249009,2020,10,False,2440,Nevada,34,400.84,2.507894486465915,328,Utah State,9,400.78,,
401249010,2020,10,False,36,Colorado State,34,446.94,5.866666666666667,2751,Wyoming,24,352.91,5.003676470588236,
401234630,2020,10,False,152,NC State,41,680.31,0.5177910052910053,2390,Miami,44,822.41,,
401249008,2020,10,False,21,San Diego State,17,454.6,7.704545454545454,23,San José State,28,397.99,,1.0
401249005,2020,10,False,68,Boise State,17,571.21,9.98809523809524,252,BYU,51,510.95,,1.0
401247307,2020,10,False,77,Northwestern,21,629.84,,158,Nebraska,13,733.39,0.7708333333333334,0.0
401247313,2020,10,False,2294,Iowa,49,631.81,5.416666666666667,127,Michigan State,7,673.43,2.877142857142857,0.0
401215327,2020,10,False,2247,Georgia State,52,333.22,2.979928774928775,2433,UL Monroe,34,286.74,,
401249400,2020,10,False,30,USC,28,853.16,0.5841450216450217,9,Arizona State,27,743.24,,
401247309,2020,10,False,84,Indiana,38,611.17,2.7865079365079364,130,Michigan,21,832.65,3.88939393939394,0.0
401253924,2020,10,False,309,Louisiana,27,378.95,0.9203088578088578,2032,Arkansas State,20,389.49,4.888541666666667,0.0
401212490,2020,10,False,218,Temple,23,482.14,1.125,2567,SMU,47,604.59,0.5319047619047619,
401236022,2020,10,False,251,Texas,17,892.91,0.84375,277,West Virginia,13,631.27,1.0632097069597068,
401234636,2020,10,False,259,Virginia Tech,35,670.7,,2335,Liberty,38,158.93,10.75,1.0
401234633,2020,10,False,150,Duke,24,617.12,,153,North Carolina,56,740.19,1.6387151310228232,
401212480,2020,10,False,235,Memphis,34,587.17,1.5,58,South Florida,33,538.18,,
401212525,2020,10,False,151,East Carolina,21,528.47,2.724244505494505,2655,Tulane,38,526.19,15.75,1.0
401215326,2020,10,False,290,Georgia Southern,20,335.43,5.496875,2653,Troy,13,323.67,1.8,
401234631,2020,10,False,183,Syracuse,13,578.28,8.015625,103,Boston College,16,602.69,,
401251931,2020,10,False,276,Marshall,51,408.98,,113,Massachusetts,10,246.83,,
401215324,2020,10,False,326,Texas State,17,382.6,0.6757352941176471,2026,App State,38,382.58,,1.0
401239874,2020,10,False,2198,Eastern Kentucky,6,148.05,,2617,Stephen F. Austin,24,99.93,,1.0
401240035,2020,10,False,2572,Southern Miss,24,401.05,7.660818713450292,2453,North Alabama,13,46.88,,
401249006,2020,10,False,2439,UNLV,27,447.31,1.7444444444444445,278,Fresno State,40,440.1,4.0650673400673405,1.0
401237125,2020,10,True,61,Georgia,28,990.47,1.0692349317349317,57,Florida,44,809.32,,1.0
401236021,2020,10,False,2628,TCU,34,712.31,,2641,Texas Tech,18,619.6,,
401236019,2020,10,False,201,Oklahoma,62,866.36,0.8,2305,Kansas,9,546.08,,
401247308,2020,10,False,356,Illinois,14,644.09,,135,Minnesota,41,594.7,2.602777777777778,1.0
401237126,2020,10,False,344,Mississippi State,24,739.3,3.2962367760444686,238,Vanderbilt,17,607.68,,
401247312,2020,10,False,213,Penn State,19,850.7,0.6308471620971621,120,Maryland,35,646.29,1.9145833333333333,1.0
401212544,2020,10,False,2132,Cincinnati,38,600.61,2.579732359144124,248,Houston,10,608.28,1.335489291410344,0.0
401248273,2020,10,False,2000,Abilene Christian,21,79.83,,2025,Angelo State,34,,,
401234634,2020,10,False,52,Florida State,17,832.59,1.6180860805860806,221,Pittsburgh,41,653.05,4.281170446913482,1.0
401236020,2020,10,False,2306,Kansas State,18,560.96,2.8179621848739496,197,Oklahoma State,20,639.23,2.2167055191397296,
401207169,2020,10,False,2226,Florida Atlantic,10,488.99,1.6249417249417248,98,Western Kentucky,6,447.91,3.195970695970696,
401237127,2020,10,False,2579,South Carolina,3,771.64,1.1767857142857143,245,Texas A&M,48,875.1,0.431845238095238,
401249402,2020,10,False,38,Colorado,48,630.39,,26,UCLA,42,660.71,7.5390625,0.0
401236018,2020,10,False,66,Iowa State,38,602.96,0.7881181318681318,239,Baylor,31,642.13,3.204761904761905,0.0
401247310,2020,10,False,194,Ohio State,49,976.48,1.6314285714285712,164,Rutgers,27,588.56,2.6320728291316526,
401249399,2020,10,False,2483,Oregon,35,816.74,1.4240223665223666,24,Stanford,14,801.6,,
401237124,2020,10,False,8,Arkansas,24,719.15,1.2083333333333333,2633,Tennessee,13,844.16,,0.0
401234632,2020,10,False,87,Notre Dame,47,866.21,2.391043771043771,228,Clemson,40,915.57,3.400366161616162,0.0
401215325,2020,10,False,324,Coastal Carolina,23,213.39,4.03125,6,South Alabama,6,265.69,,0.0
401249397,2020,10,False,204,Oregon State,28,616.25,1.243401805166511,265,Washington State,38,516.96,,1.0
401249007,2020,10,False,62,Hawai'i,39,393.56,,167,New Mexico,33,340.16,3.714871794871795,
401249861,2020,11,False,195,Ohio,24,304.79,,2006,Akron,10,232.81,,
401249862,2020,11,False,189,Bowling Green,24,215.06,1.2378571428571428,2309,Kent State,62,270.29,0.7666666666666666,
401249890,2020,11,False,2084,Buffalo,42,252.86,1.6488425925925927,193,Miami (OH),10,259.14,,0.0
401249865,2020,11,False,2050,Ball State,38,257.94,10.318518518518518,2199,Eastern Michigan,31,246.82,,
401249866,2020,11,False,2711,Western Michigan,41,382.78,,2649,Toledo,38,391.54,,0.0
401249864,2020,11,False,2459,Northern Illinois,10,262.67,,2117,Central Michigan,40,350.35,3.879166666666667,
401249012,2020,11,False,68,Boise State,52,571.21,9.98809523809524,36,Colorado State,21,446.94,5.866666666666667,
401247317,2020,11,False,135,Minnesota,7,594.7,2.602777777777778,2294,Iowa,35,631.81,5.416666666666667,
401207174,2020,11,False,2229,Florida International,19,480.5,,2226,Florida Atlantic,38,488.99,1.6249417249417248,
401212545,2020,11,False,2132,Cincinnati,55,600.61,2.579732359144124,151,East Carolina,17,528.47,2.724244505494505,
401207200,2020,11,False,2655,Tulane,38,526.19,15.75,349,Army,12,152.03,2.2916666666666665,
401234641,2020,11,False,259,Virginia Tech,24,670.7,,2390,Miami,25,822.41,,
401247316,2020,11,False,127,Michigan State,0,673.43,2.877142857142857,84,Indiana,24,611.17,2.7865079365079364,1.0
401236024,2020,11,False,277,West Virginia,24,631.27,1.0632097069597068,2628,TCU,6,712.31,,0.0
401247320,2020,11,False,158,Nebraska,30,733.39,0.7708333333333334,213,Penn State,23,850.7,0.6308471620971621,0.0
401207176,2020,11,False,276,Marshall,42,408.98,,2393,Middle Tennessee,14,405.4,,
401237132,2020,11,False,96,Kentucky,38,716.65,3.186957744636316,238,Vanderbilt,35,607.68,,
401234642,2020,11,False,153,North Carolina,59,740.19,1.6387151310228232,154,Wake Forest,53,577.3,,
401207218,2020,11,False,2335,Liberty,58,158.93,10.75,2717,Western Carolina,14,12.53,,
401247314,2020,11,False,164,Rutgers,20,588.56,2.6320728291316526,356,Illinois,23,644.09,,
401215332,2020,11,False,309,Louisiana,38,378.95,0.9203088578088578,6,South Alabama,10,265.69,,
401249013,2020,11,False,328,Utah State,16,400.78,,278,Fresno State,35,440.1,4.0650673400673405,
401215328,2020,11,False,2026,App State,17,382.58,,2247,Georgia State,13,333.22,2.979928774928775,
401207179,2020,11,False,2636,UTSA,52,458.03,2.696266233766234,2638,UTEP,21,297.36,,
401249403,2020,11,False,12,Arizona,30,526.23,0.7421500068558892,30,USC,34,853.16,0.5841450216450217,
401249406,2020,11,False,24,Stanford,32,801.6,,38,Colorado,35,630.39,,1.0
401234637,2020,11,False,103,Boston College,31,602.69,,87,Notre Dame,45,866.21,2.391043771043771,
401207178,2020,11,False,98,Western Kentucky,10,447.91,3.195970695970696,2572,Southern Miss,7,401.05,7.660818713450292,
401215331,2020,11,False,290,Georgia Southern,40,335.43,5.496875,326,Texas State,38,382.6,0.6757352941176471,0.0
401257934,2020,11,False,258,Virginia,31,588.54,1.12,97,Louisville,17,621.82,2.5735042735042737,0.0
401212481,2020,11,False,248,Houston,56,608.28,1.335489291410344,58,South Florida,21,538.18,,
401248074,2020,11,False,2110,Central Arkansas,37,24.08,,2198,Eastern Kentucky,25,148.05,,0.0
401236023,2020,11,False,2641,Texas Tech,24,619.6,,239,Baylor,23,642.13,3.204761904761905,0.0
401249014,2020,11,False,21,San Diego State,34,454.6,7.704545454545454,62,Hawai'i,10,393.56,,
401247315,2020,11,False,2509,Purdue,20,644.03,0.6672619047619047,77,Northwestern,27,629.84,,1.0
401247413,2020,11,False,2617,Stephen F. Austin,26,99.93,,90,Pittsburg St,7,,,0.0
401249015,2020,11,False,167,New Mexico,20,340.16,3.714871794871795,2440,Nevada,27,400.84,2.507894486465915,
401212491,2020,11,False,202,Tulsa,28,470.03,,2567,SMU,24,604.59,0.5319047619047619,0.0
401237129,2020,11,False,57,Florida,63,809.32,,8,Arkansas,35,719.15,1.2083333333333333,
401249405,2020,11,False,265,Washington State,29,516.96,,2483,Oregon,43,816.74,1.4240223665223666,
401234639,2020,11,False,152,NC State,38,680.31,0.5177910052910053,52,Florida State,22,832.59,1.6180860805860806,0.0
401237133,2020,11,False,145,Ole Miss,59,702.2,1.246626984126984,2579,South Carolina,42,771.64,1.1767857142857143,0.0
401247319,2020,11,False,130,Michigan,11,832.65,3.88939393939394,275,Wisconsin,49,676.48,1.204047619047619,1.0
401212518,2020,11,False,2116,UCF,38,593.07,1.5297619047619049,218,Temple,13,482.14,1.125,
401249016,2020,11,False,23,San José State,34,397.99,,2439,UNLV,17,447.31,1.7444444444444445,0.0
401249404,2020,11,False,264,Washington,27,815.23,,204,Oregon State,21,616.25,1.243401805166511,
401261454,2020,11,False,26,UCLA,34,660.71,7.5390625,25,California,10,599.17,3.10806727994228,
401249868,2020,12,False,189,Bowling Green,17,215.06,1.2378571428571428,2084,Buffalo,42,252.86,1.6488425925925927,
401249867,2020,12,False,2309,Kent State,69,270.29,0.7666666666666666,2006,Akron,35,232.81,,
401249872,2020,12,False,2117,Central Michigan,44,350.35,3.879166666666667,2711,Western Michigan,52,382.78,,
401249870,2020,12,False,2050,Ball State,31,257.94,10.318518518518518,2459,Northern Illinois,25,262.67,,0.0
401249871,2020,12,False,2199,Eastern Michigan,28,246.82,,2649,Toledo,45,391.54,,
401212526,2020,12,False,202,Tulsa,30,470.03,,2655,Tulane,24,526.19,15.75,0.0
401234643,2020,12,False,97,Louisville,30,621.82,2.5735042735042737,183,Syracuse,0,578.28,8.015625,
401247325,2020,12,False,135,Minnesota,34,594.7,2.602777777777778,2509,Purdue,31,644.03,0.6672619047619047,0.0
401261674,2020,12,False,2226,Florida Atlantic,24,488.99,1.6249417249417248,113,Massachusetts,2,246.83,,
401249018,2020,12,False,2005,Air Force,28,71.92,,167,New Mexico,0,340.16,3.714871794871795,0.0
401237136,2020,12,False,8,Arkansas,24,719.15,1.2083333333333333,99,LSU,27,873.23,,
401215333,2020,12,False,324,Coastal Carolina,34,213.39,4.03125,2026,App State,23,382.58,,0.0
401235975,2020,12,False,349,Army,28,152.03,2.2916666666666665,290,Georgia Southern,27,335.43,5.496875,0.0
401237138,2020,12,False,238,Vanderbilt,17,607.68,,57,Florida,38,809.32,,
401212519,2020,12,False,218,Temple,3,482.14,1.125,151,East Carolina,28,528.47,2.724244505494505,
401247326,2020,12,False,194,Ohio State,42,976.48,1.6314285714285712,84,Indiana,35,611.17,2.7865079365079364,
401247321,2020,12,False,158,Nebraska,23,733.39,0.7708333333333334,356,Illinois,41,644.09,,1.0
401215334,2020,12,False,326,Texas State,47,382.6,0.6757352941176471,2032,Arkansas State,45,389.49,4.888541666666667,0.0
401247374,2020,12,False,235,Memphis,56,587.17,1.5,2617,Stephen F. Austin,14,99.93,,
401207184,2020,12,False,249,North Texas,27,415.68,2.831439393939394,242,Rice,17,358.95,,
401207181,2020,12,False,98,Western Kentucky,38,447.91,3.195970695970696,2229,Florida International,21,480.5,,0.0
401207185,2020,12,False,2572,Southern Miss,20,401.05,7.660818713450292,2636,UTSA,23,458.03,2.696266233766234,
401209818,2020,12,False,252,BYU,66,510.95,,2453,North Alabama,14,46.88,,
401239875,2020,12,False,2198,Eastern Kentucky,49,148.05,,2717,Western Carolina,17,12.53,,
401249415,2020,12,False,2483,Oregon,38,816.74,1.4240223665223666,26,UCLA,35,660.71,7.5390625,
401215335,2020,12,False,6,South Alabama,14,265.69,,2247,Georgia State,31,333.22,2.979928774928775,
401249411,2020,12,False,204,Oregon State,31,616.25,1.243401805166511,25,California,27,599.17,3.10806727994228,
401240641,2020,12,False,2653,Troy,17,323.67,1.8,2393,Middle Tennessee,20,405.4,,
401247327,2020,12,False,213,Penn State,21,850.7,0.6308471620971621,2294,Iowa,41,631.81,5.416666666666667,1.0
401249019,2020,12,False,2440,Nevada,26,400.84,2.507894486465915,21,San Diego State,21,454.6,7.704545454545454,0.0
401212540,2020,12,False,2116,UCF,33,593.07,1.5297619047619049,2132,Cincinnati,36,600.61,2.579732359144124,
401247323,2020,12,False,77,Northwestern,17,629.84,,275,Wisconsin,7,676.48,1.204047619047619,0.0
401236025,2020,12,False,66,Iowa State,45,602.96,0.7881181318681318,2306,Kansas State,0,560.96,2.8179621848739496,
401234648,2020,12,False,221,Pittsburgh,47,653.05,4.281170446913482,259,Virginia Tech,14,670.7,,0.0
401248275,2020,12,False,258,Virginia,55,588.54,1.12,2000,Abilene Christian,15,79.83,,
401237135,2020,12,False,333,Alabama,63,985.86,3.31765873015873,96,Kentucky,3,716.65,3.186957744636316,
401237137,2020,12,False,2,Auburn,30,844.78,4.114550264550264,2633,Tennessee,17,844.16,,
401247324,2020,12,False,164,Rutgers,42,588.56,2.6320728291316526,130,Michigan,48,832.65,3.88939393939394,
401234647,2020,12,False,152,NC State,15,680.31,0.5177910052910053,2335,Liberty,14,158.93,10.75,
401237139,2020,12,False,61,Georgia,31,990.47,1.0692349317349317,344,Mississippi State,24,739.3,3.2962367760444686,
401236027,2020,12,False,201,Oklahoma,41,866.36,0.8,197,Oklahoma State,13,639.23,2.2167055191397296,
401237141,2020,12,False,2579,South Carolina,10,771.64,1.1767857142857143,142,Missouri,17,627.24,1.1432539682539682,1.0
401249413,2020,12,False,264,Washington,44,815.23,,12,Arizona,27,526.23,0.7421500068558892,
401249410,2020,12,False,254,Utah,17,649.86,1.7580345117845118,30,USC,33,853.16,0.5841450216450217,
401249017,2020,12,False,62,Hawai'i,32,393.56,,68,Boise State,40,571.21,9.98809523809524,
401249025,2020,13,False,328,Utah State,41,400.78,,167,New Mexico,27,340.16,3.714871794871795,
401236029,2020,13,False,251,Texas,20,892.91,0.84375,66,Iowa State,23,602.96,0.7881181318681318,1.0
401251926,2020,13,False,2335,Liberty,45,158.93,10.75,113,Massachusetts,0,246.83,,0.0
401247332,2020,13,False,2294,Iowa,26,631.81,5.416666666666667,158,Nebraska,20,733.39,0.7708333333333334,0.0
401212483,2020,13,False,58,South Florida,46,538.18,,2116,UCF,58,593.07,1.5297619047619049,
401234650,2020,13,False,153,North Carolina,17,740.19,1.6387151310228232,87,Notre Dame,31,866.21,2.391043771043771,
401249028,2020,13,False,2439,UNLV,14,447.31,1.7444444444444445,2751,Wyoming,45,352.91,5.003676470588236,1.0
401249874,2020,13,False,2199,Eastern Michigan,23,246.82,,2117,Central Michigan,31,350.35,3.879166666666667,
401249417,2020,13,False,25,California,23,599.17,3.10806727994228,24,Stanford,24,801.6,,
401249418,2020,13,False,204,Oregon State,41,616.25,1.243401805166511,2483,Oregon,38,816.74,1.4240223665223666,0.0
401237143,2020,13,False,142,Missouri,41,627.24,1.1432539682539682,238,Vanderbilt,0,607.68,,
401234655,2020,13,False,183,Syracuse,29,578.28,8.015625,152,NC State,36,680.31,0.5177910052910053,
401249877,2020,13,False,2084,Buffalo,70,252.86,1.6488425925925927,2309,Kent State,41,270.29,0.7666666666666666,0.0
401247329,2020,13,False,84,Indiana,27,611.17,2.7865079365079364,120,Maryland,11,646.29,1.9145833333333333,0.0
401236032,2020,13,False,197,Oklahoma State,50,639.23,2.2167055191397296,2641,Texas Tech,44,619.6,,
401212513,2020,13,False,151,East Carolina,52,528.47,2.724244505494505,2567,SMU,38,604.59,0.5319047619047619,0.0
401215339,2020,13,False,2247,Georgia State,30,333.22,2.979928774928775,290,Georgia Southern,24,335.43,5.496875,0.0
401249876,2020,13,False,195,Ohio,52,304.79,,189,Bowling Green,10,215.06,1.2378571428571428,
401249875,2020,13,False,2711,Western Michigan,30,382.78,,2459,Northern Illinois,27,262.67,,
401249873,2020,13,False,2649,Toledo,24,391.54,,2050,Ball State,27,257.94,10.318518518518518,1.0
401247333,2020,13,False,130,Michigan,17,832.65,3.88939393939394,213,Penn State,27,850.7,0.6308471620971621,
401237144,2020,13,False,57,Florida,34,809.32,,96,Kentucky,10,716.65,3.186957744636316,
401249892,2020,13,False,2006,Akron,7,232.81,,193,Miami (OH),38,259.14,,
401215337,2020,13,False,2032,Arkansas State,31,389.49,4.888541666666667,6,South Alabama,38,265.69,,1.0
401215338,2020,13,False,326,Texas State,14,382.6,0.6757352941176471,324,Coastal Carolina,49,213.39,4.03125,1.0
401215340,2020,13,False,2433,UL Monroe,20,286.74,,309,Louisiana,70,378.95,0.9203088578088578,
401207191,2020,13,False,2636,UTSA,49,458.03,2.696266233766234,249,North Texas,17,415.68,2.831439393939394,
401247330,2020,13,False,127,Michigan State,29,673.43,2.877142857142857,77,Northwestern,20,629.84,,
401237142,2020,13,False,333,Alabama,42,985.86,3.31765873015873,2,Auburn,13,844.78,4.114550264550264,
401215336,2020,13,False,2026,App State,47,382.58,,2653,Troy,10,323.67,1.8,
401234651,2020,13,False,228,Clemson,52,915.57,3.400366161616162,221,Pittsburgh,17,653.05,4.281170446913482,
401237147,2020,13,False,145,Ole Miss,31,702.2,1.246626984126984,344,Mississippi State,24,739.3,3.2962367760444686,0.0
401247328,2020,13,False,2509,Purdue,30,644.03,0.6672619047619047,164,Rutgers,37,588.56,2.6320728291316526,1.0
401234649,2020,13,False,103,Boston College,34,602.69,,97,Louisville,27,621.82,2.5735042735042737,0.0
401265734,2020,13,False,38,Colorado,20,630.39,,21,San Diego State,10,454.6,7.704545454545454,
401236028,2020,13,False,239,Baylor,32,642.13,3.204761904761905,2306,Kansas State,31,560.96,2.8179621848739496,
401237146,2020,13,False,245,Texas A&M,20,875.1,0.431845238095238,99,LSU,7,873.23,,
401234652,2020,13,False,59,Georgia Tech,56,684.42,3.0785714285714287,150,Duke,33,617.12,,
401264080,2020,13,False,2426,Navy,7,266.19,,235,Memphis,10,587.17,1.5,
401237145,2020,13,False,2579,South Carolina,16,771.64,1.1767857142857143,61,Georgia,45,990.47,1.0692349317349317,
401265458,2020,13,False,264,Washington,24,815.23,,254,Utah,21,649.86,1.7580345117845118,
401236030,2020,13,False,2305,Kansas,23,546.08,,2628,TCU,59,712.31,,
401249421,2020,13,False,26,UCLA,27,660.71,7.5390625,12,Arizona,10,526.23,0.7421500068558892,
401249024,2020,13,False,62,Hawai'i,24,393.56,,2440,Nevada,21,400.84,2.507894486465915,0.0
401265703,2020,14,False,249,North Texas,31,415.68,2.831439393939394,2348,Louisiana Tech,42,467.46,,
401249029,2020,14,False,328,Utah State,7,400.78,,2005,Air Force,35,71.92,,1.0
401252117,2020,14,False,2026,App State,21,382.58,,309,Louisiana,24,378.95,0.9203088578088578,1.0
401236036,2020,14,False,2306,Kansas State,31,560.96,2.8179621848739496,251,Texas,69,892.91,0.84375,
401248781,2020,14,False,153,North Carolina,49,740.19,1.6387151310228232,2717,Western Carolina,9,12.53,,
401236035,2020,14,False,2641,Texas Tech,16,619.6,,2305,Kansas,13,546.08,,
401265818,2020,14,False,142,Missouri,50,627.24,1.1432539682539682,8,Arkansas,48,719.15,1.2083333333333333,0.0
401249880,2020,14,False,2459,Northern Illinois,24,262.67,,2649,Toledo,41,391.54,,
401247340,2020,14,False,127,Michigan State,12,673.43,2.877142857142857,194,Ohio State,52,976.48,1.6314285714285712,
401257812,2020,14,False,276,Marshall,0,408.98,,242,Rice,20,358.95,,1.0
401237150,2020,14,False,2,Auburn,20,844.78,4.114550264550264,245,Texas A&M,31,875.1,0.431845238095238,
401236037,2020,14,False,2628,TCU,29,712.31,,197,Oklahoma State,22,639.23,2.2167055191397296,
401264082,2020,14,False,2655,Tulane,35,526.19,15.75,235,Memphis,21,587.17,1.5,0.0
401247336,2020,14,False,164,Rutgers,7,588.56,2.6320728291316526,213,Penn State,23,850.7,0.6308471620971621,
401247335,2020,14,False,2509,Purdue,27,644.03,0.6672619047619047,158,Nebraska,37,733.39,0.7708333333333334,
401249879,2020,14,False,2711,Western Michigan,42,382.78,,2199,Eastern Michigan,53,246.82,,1.0
401249878,2020,14,False,2117,Central Michigan,20,350.35,3.879166666666667,2050,Ball State,45,257.94,10.318518518518518,1.0
401249881,2020,14,False,2006,Akron,31,232.81,,189,Bowling Green,3,215.06,1.2378571428571428,
401262494,2020,14,False,6,South Alabama,0,265.69,,2653,Troy,29,323.67,1.8,
401234662,2020,14,False,87,Notre Dame,45,866.21,2.391043771043771,183,Syracuse,21,578.28,8.015625,
401262493,2020,14,False,2032,Arkansas State,48,389.49,4.888541666666667,2433,UL Monroe,15,286.74,,
401247337,2020,14,False,356,Illinois,21,644.09,,2294,Iowa,35,631.81,5.416666666666667,1.0
401237151,2020,14,False,2633,Tennessee,19,844.16,,57,Florida,31,809.32,,1.0
401236034,2020,14,False,66,Iowa State,42,602.96,0.7881181318681318,277,West Virginia,6,631.27,1.0632097069597068,0.0
401264083,2020,14,False,2426,Navy,6,266.19,,202,Tulsa,19,470.03,,
401247338,2020,14,False,275,Wisconsin,6,676.48,1.204047619047619,84,Indiana,14,611.17,2.7865079365079364,1.0
401234656,2020,14,False,258,Virginia,43,588.54,1.12,103,Boston College,32,602.69,,0.0
401234659,2020,14,False,152,NC State,23,680.31,0.5177910052910053,59,Georgia Tech,13,684.42,3.0785714285714287,0.0
401249424,2020,14,False,264,Washington,26,815.23,,24,Stanford,31,801.6,,1.0
401237514,2020,14,False,324,Coastal Carolina,22,213.39,4.03125,252,BYU,17,510.95,,0.0
401249033,2020,14,False,23,San José State,35,397.99,,62,Hawai'i,24,393.56,,
401261675,2020,14,False,290,Georgia Southern,20,335.43,5.496875,2226,Florida Atlantic,3,488.99,1.6249417249417248,0.0
401249031,2020,14,False,21,San Diego State,29,454.6,7.704545454545454,36,Colorado State,17,446.94,5.866666666666667,
401249423,2020,14,False,25,California,21,599.17,3.10806727994228,2483,Oregon,17,816.74,1.4240223665223666,0.0
401249426,2020,14,False,12,Arizona,13,526.23,0.7421500068558892,38,Colorado,24,630.39,,
401234657,2020,14,False,259,Virginia Tech,10,670.7,,228,Clemson,45,915.57,3.400366161616162,
401237153,2020,14,False,96,Kentucky,41,716.65,3.186957744636316,2579,South Carolina,18,771.64,1.1767857142857143,0.0
401265817,2020,14,False,99,LSU,17,873.23,,333,Alabama,55,985.86,3.31765873015873,
401236033,2020,14,False,201,Oklahoma,27,866.36,0.8,239,Baylor,14,642.13,3.204761904761905,
401266134,2020,14,False,150,Duke,0,617.12,,2390,Miami,48,822.41,,
401249032,2020,14,False,2440,Nevada,37,400.84,2.507894486465915,278,Fresno State,26,440.1,4.0650673400673405,0.0
401249422,2020,14,False,254,Utah,30,649.86,1.7580345117845118,204,Oregon State,24,616.25,1.243401805166511,
401249425,2020,14,False,9,Arizona State,18,743.24,,26,UCLA,25,660.71,7.5390625,1.0
401249034,2020,14,False,167,New Mexico,17,340.16,3.714871794871795,2751,Wyoming,16,352.91,5.003676470588236,0.0
401266789,2020,14,False,2429,Charlotte,19,462.29,3.0416666666666665,98,Western Kentucky,37,447.91,3.195970695970696,1.0
401249427,2020,14,False,30,USC,38,853.16,0.5841450216450217,265,Washington State,13,516.96,,
401257813,2020,15,False,2572,Southern Miss,45,401.05,7.660818713450292,2226,Florida Atlantic,31,488.99,1.6249417249417248,0.0
401261245,2020,15,False,59,Georgia Tech,20,684.42,3.0785714285714287,221,Pittsburgh,34,653.05,4.281170446913482,1.0
401257816,2020,15,False,2638,UTEP,43,297.36,,249,North Texas,45,415.68,2.831439393939394,
401249429,2020,15,False,12,Arizona,7,526.23,0.7421500068558892,9,Arizona State,70,743.24,,
401249037,2020,15,False,23,San José State,30,397.99,,2440,Nevada,20,400.84,2.507894486465915,0.0
401247346,2020,15,False,213,Penn State,39,850.7,0.6308471620971621,127,Michigan State,24,673.43,2.877142857142857,
401249885,2020,15,False,2050,Ball State,30,257.94,10.318518518518518,2711,Western Michigan,27,382.78,,0.0
401247344,2020,15,False,77,Northwestern,28,629.84,,356,Illinois,10,644.09,,0.0
401267161,2020,15,False,142,Missouri,14,627.24,1.1432539682539682,61,Georgia,49,990.47,1.0692349317349317,
401266696,2020,15,False,97,Louisville,45,621.82,2.5735042735042737,154,Wake Forest,21,577.3,,
401247345,2020,15,False,158,Nebraska,17,733.39,0.7708333333333334,135,Minnesota,24,594.7,2.602777777777778,1.0
401249428,2020,15,False,38,Colorado,21,630.39,,254,Utah,38,649.86,1.7580345117845118,
401267164,2020,15,False,8,Arkansas,3,719.15,1.2083333333333333,333,Alabama,52,985.86,3.31765873015873,
401247342,2020,15,False,120,Maryland,24,646.29,1.9145833333333333,164,Rutgers,27,588.56,2.6320728291316526,1.0
401249884,2020,15,False,2199,Eastern Michigan,41,246.82,,2459,Northern Illinois,33,262.67,,0.0
401257815,2020,15,False,242,Rice,16,358.95,,5,UAB,21,383.56,,
401249886,2020,15,False,2084,Buffalo,56,252.86,1.6488425925925927,2006,Akron,7,232.81,,
401249883,2020,15,False,2649,Toledo,24,391.54,,2117,Central Michigan,23,350.35,3.879166666666667,
401259671,2020,15,False,2653,Troy,38,323.67,1.8,324,Coastal Carolina,42,213.39,4.03125,1.0
401207203,2020,15,True,349,Army,15,152.03,2.2916666666666665,2426,Navy,0,266.19,,0.0
401250713,2020,15,False,239,Baylor,3,642.13,3.204761904761905,197,Oklahoma State,42,639.23,2.2167055191397296,1.0
401264084,2020,15,False,235,Memphis,30,587.17,1.5,248,Houston,27,608.28,1.335489291410344,0.0
401247347,2020,15,False,2294,Iowa,28,631.81,5.416666666666667,275,Wisconsin,7,676.48,1.204047619047619,0.0
401234661,2020,15,False,2390,Miami,26,822.41,,153,North Carolina,62,740.19,1.6387151310228232,1.0
401266694,2020,15,False,52,Florida State,56,832.59,1.6180860805860806,150,Duke,35,617.12,,
401267163,2020,15,False,238,Vanderbilt,17,607.68,,2633,Tennessee,42,844.16,,
401215309,2020,15,False,290,Georgia Southern,26,335.43,5.496875,2026,App State,34,382.58,,
401249035,2020,15,False,2751,Wyoming,9,352.91,5.003676470588236,68,Boise State,17,571.21,9.98809523809524,
401251100,2020,15,False,57,Florida,34,809.32,,99,LSU,37,873.23,,
401266711,2020,15,False,2628,TCU,52,712.31,,2348,Louisiana Tech,10,467.46,,
401249431,2020,15,False,26,UCLA,38,660.71,7.5390625,30,USC,43,853.16,0.5841450216450217,
401260157,2020,15,False,344,Mississippi State,10,739.3,3.2962367760444686,2,Auburn,24,844.78,4.114550264550264,
401234572,2020,15,False,259,Virginia Tech,33,670.7,,258,Virginia,15,588.54,1.12,
401249435,2020,15,False,252,BYU,28,510.95,,21,San Diego State,14,454.6,7.704545454545454,
401249432,2020,15,False,204,Oregon State,24,616.25,1.243401805166511,24,Stanford,27,801.6,,
401249036,2020,15,False,167,New Mexico,49,340.16,3.714871794871795,278,Fresno State,39,440.1,4.0650673400673405,0.0
401249038,2020,15,False,62,Hawai'i,38,393.56,,2439,UNLV,21,447.31,1.7444444444444445,0.0
401240101,2020,16,False,276,Marshall,13,408.98,,5,UAB,22,383.56,,1.0
401269382,2020,16,False,164,Rutgers,21,588.56,2.6320728291316526,158,Nebraska,28,733.39,0.7708333333333334,
401249854,2020,16,True,2084,Buffalo,28,252.86,1.6488425925925927,2050,Ball State,38,257.94,10.318518518518518,
401249434,2020,16,False,30,USC,24,853.16,0.5841450216450217,2483,Oregon,31,816.74,1.4240223665223666,1.0
401262060,2020,16,True,66,Iowa State,21,602.96,0.7881181318681318,201,Oklahoma,27,866.36,0.8,
401247349,2020,16,True,194,Ohio State,22,976.48,1.6314285714285712,77,Northwestern,10,629.84,,
401260158,2020,16,False,2633,Tennessee,13,844.16,,245,Texas A&M,34,875.1,0.431845238095238,
401269375,2020,16,False,254,Utah,45,649.86,1.7580345117845118,265,Washington State,28,516.96,,
401265699,2020,16,False,349,Army,10,152.03,2.2916666666666665,2005,Air Force,7,71.92,,
401267166,2020,16,False,344,Mississippi State,51,739.3,3.2962367760444686,142,Missouri,32,627.24,1.1432539682539682,
401267165,2020,16,False,99,LSU,53,873.23,,145,Ole Miss,48,702.2,1.246626984126984,
401269384,2020,16,False,275,Wisconsin,20,676.48,1.204047619047619,135,Minnesota,17,594.7,2.602777777777778,
401256001,2020,16,True,87,Notre Dame,10,866.21,2.391043771043771,228,Clemson,34,915.57,3.400366161616162,
401249043,2020,16,True,23,San José State,34,397.99,,68,Boise State,20,571.21,9.98809523809524,0.0
401269381,2020,16,False,213,Penn State,56,850.7,0.6308471620971621,356,Illinois,21,644.09,,
401269376,2020,16,False,26,UCLA,47,660.71,7.5390625,24,Stanford,48,801.6,,
401237074,2020,16,True,57,Florida,46,809.32,,333,Alabama,52,985.86,3.31765873015873,
401264085,2020,16,False,2132,Cincinnati,27,600.61,2.579732359144124,202,Tulsa,24,470.03,,
401269378,2020,16,False,204,Oregon State,33,616.25,1.243401805166511,9,Arizona State,46,743.24,,
401256135,2020,1,True,249,North Texas,28,415.68,2.831439393939394,2026,App State,56,382.58,,1.0
401256136,2020,1,True,2440,Nevada,38,400.84,2.507894486465915,2655,Tulane,27,526.19,15.75,0.0
401256137,2020,1,True,252,BYU,49,510.95,,2116,UCF,23,593.07,1.5297619047619049,0.0
401256138,2020,1,True,290,Georgia Southern,38,335.43,5.496875,2348,Louisiana Tech,3,467.46,,0.0
401256139,2020,1,True,2226,Florida Atlantic,10,488.99,1.6249417249417248,235,Memphis,25,587.17,1.5,
401256140,2020,1,True,248,Houston,14,608.28,1.335489291410344,62,Hawai'i,28,393.56,,1.0
401256141,2020,1,True,2084,Buffalo,17,252.86,1.6488425925925927,276,Marshall,10,408.98,,0.0
401256145,2020,1,True,2247,Georgia State,39,333.22,2.979928774928775,98,Western Kentucky,21,447.91,3.195970695970696,0.0
401256144,2020,1,True,2636,UTSA,24,458.03,2.696266233766234,309,Louisiana,31,378.95,0.9203088578088578,1.0
401256143,2020,1,True,324,Coastal Carolina,34,213.39,4.03125,2335,Liberty,37,158.93,10.75,1.0
401256150,2020,1,True,2390,Miami,34,822.41,,197,Oklahoma State,37,639.23,2.2167055191397296,1.0
401256151,2020,1,True,38,Colorado,23,630.39,,251,Texas,55,892.91,0.84375,
401256152,2020,1,True,275,Wisconsin,42,676.48,1.204047619047619,154,Wake Forest,28,577.3,,
401256194,2020,1,True,201,Oklahoma,55,866.36,0.8,57,Florida,20,809.32,,
401256196,2020,1,True,344,Mississippi State,28,739.3,3.2962367760444686,202,Tulsa,26,470.03,,
401268773,2020,1,True,23,San José State,13,397.99,,2050,Ball State,34,257.94,10.318518518518518,1.0
401256197,2020,1,True,349,Army,21,152.03,2.2916666666666665,277,West Virginia,24,631.27,1.0632097069597068,
401256108,2020,1,True,61,Georgia,24,990.47,1.0692349317349317,2132,Cincinnati,21,600.61,2.579732359144124,
401256199,2020,1,True,77,Northwestern,35,629.84,,2,Auburn,19,844.78,4.114550264550264,0.0
401240152,2020,1,True,333,Alabama,31,985.86,3.31765873015873,87,Notre Dame,14,866.21,2.391043771043771,
401240173,2020,1,True,228,Clemson,28,915.57,3.400366161616162,194,Ohio State,49,976.48,1.6314285714285712,
401256109,2020,1,True,96,Kentucky,23,716.65,3.186957744636316,152,NC State,21,680.31,0.5177910052910053,
401256110,2020,1,True,84,Indiana,20,611.17,2.7865079365079364,145,Ole Miss,26,702.2,1.246626984126984,
401256111,2020,1,True,66,Iowa State,34,602.96,0.7881181318681318,2483,Oregon,17,816.74,1.4240223665223666,0.0
401256112,2020,1,True,153,North Carolina,27,740.19,1.6387151310228232,245,Texas A&M,41,875.1,0.431845238095238,
401240174,2020,1,True,333,Alabama,52,985.86,3.31765873015873,194,Ohio State,24,976.48,1.6314285714285712,
401321794,2020,20,False,256,James Madison,31,118.89,12.944444444444445,2678,VMI,24,,,0.0
401322680,2020,20,False,256,James Madison,34,118.89,12.944444444444445,155,North Dakota,21,,,0.0
401324093,2020,20,False,2534,Sam Houston,38,81.65,,256,James Madison,35,118.89,12.944444444444445,0.0
401325471,2020,20,True,2571,South Dakota State,21,,,2534,Sam Houston,23,81.65,,
401282907,2020,1,False,386,Trinity University TX,35,,,2045,Austin,24,,,0.0
401282904,2020,1,False,2398,Millsaps,27,,,418,Hendrix College,37,,,
401282864,2020,1,False,2056,Belhaven,0,,,2371,Mary Hardin-Baylor,41,,,
401282866,2020,1,False,2758,Howard Payne,38,,,2639,Texas Lutheran,39,,,
401282867,2020,1,False,241,McMurry,17,,,2834,Sul Ross State,14,,,0.0
401282865,2020,1,False,2588,Southwestern University,17,,,2194,East Texas Baptist University,28,,,
401283019,2020,1,False,2508,Puget Sound,28,,,2486,Pacific Lutheran,20,,,0.0
401282906,2020,1,False,2519,Rhodes College,0,,,3,Birmingham-Southern,52,,,
401279040,2020,1,False,256,James Madison,52,118.89,12.944444444444445,2413,Morehead State,0,,,0.0
401282908,2020,2,False,2398,Millsaps,7,,,386,Trinity University TX,37,,,
401282868,2020,2,False,2194,East Texas Baptist University,44,,,2056,Belhaven,16,,,0.0
401282910,2020,2,False,2519,Rhodes College,0,,,2121,Centre College Kentucky,30,,,
401283020,2020,2,False,2721,Whitworth,53,,,2508,Puget Sound,6,,,0.0
401282911,2020,2,False,3,Birmingham-Southern,23,,,2757,Berry College,26,,,
401279083,2020,2,False,2627,Tarleton State,37,,,2377,McNeese,40,,,
401279043,2020,2,False,256,James Madison,36,118.89,12.944444444444445,2523,Robert Morris,16,26.82,,
401302746,2020,3,False,2447,Nicholls,87,,,2876,Lincoln (MO),3,,,0.0
401279797,2020,3,False,2460,Northern Iowa,20,30.66,,2571,South Dakota State,24,,,
401279161,2020,3,False,2747,Wofford,31,7.83,,2382,Mercer,14,25.92,,0.0
401279799,2020,3,False,155,North Dakota,44,,,79,Southern Illinois,21,96.82,,0.0
401279162,2020,3,False,2193,East Tennessee State,24,60.39,,2535,Samford,17,70.54,,0.0
401279039,2020,3,False,2210,Elon,26,55.95,,2166,Davidson,23,,,0.0
401285189,2020,3,False,2938,Huntingdon College (AL),26,,,2913,Brevard College,18,,,0.0
401279164,2020,3,False,231,Furman,35,30.39,,2717,Western Carolina,7,12.53,,
401283023,2020,3,False,2486,Pacific Lutheran,10,,,2721,Whitworth,28,,,
401302348,2020,3,True,166,New Mexico State,17,143.36,,2627,Tarleton State,43,,,
401279048,2020,3,False,2210,Elon,17,55.95,,256,James Madison,20,118.89,12.944444444444445,
401280802,2020,4,False,2296,Jackson State,53,,9.583333333333334,2206,Edward Waters,0,,,0.0
401279104,2020,4,False,2635,Tennessee Tech,27,25.67,,2046,Austin Peay,21,149.28,,0.0
401279800,2020,4,False,2449,North Dakota State,25,61.62,,2754,Youngstown State,7,35.85,,
401285057,2020,4,False,2516,Randolph-Macon,44,,,2258,Guilford College,0,,,0.0
401285059,2020,4,False,366,Ferrum,0,,,2213,Emory & Henry College,17,,,
401279218,2020,4,False,2011,Alabama State,21,136.54,,2582,Southern,24,22.17,,1.0
401279168,2020,4,False,236,Chattanooga,24,150.93,,2747,Wofford,13,7.83,,
401279805,2020,4,False,2754,Youngstown State,0,35.85,,2460,Northern Iowa,21,30.66,,1.0
401307299,2020,4,False,2169,Delaware State,17,,,47,Howard,10,,,0.0
401280795,2020,4,False,338,Kennesaw State,35,16.24,,2560,Shorter,3,,,0.0
401279804,2020,4,False,79,Southern Illinois,38,96.82,,2449,North Dakota State,14,61.62,,
401279803,2020,4,False,155,North Dakota,28,,,2571,South Dakota State,17,,,0.0
401279802,2020,4,False,2710,Western Illinois,24,53.01,,2623,Missouri State,30,85.24,,
401279801,2020,4,False,2287,Illinois State,20,67.52,,233,South Dakota,27,26.27,,1.0
401279199,2020,4,False,2377,McNeese,20,,,2916,Incarnate Word,48,81.78,5.666666666666667,
401279167,2020,4,False,2535,Samford,55,70.54,,2717,Western Carolina,27,12.53,,
401307326,2020,4,False,418,Hendrix College,49,,,2045,Austin,31,,,0.0
401285060,2020,4,False,297,Hampden-Sydney,21,,,2896,Southern Virginia,0,,,0.0
401282896,2020,4,False,2371,Mary Hardin-Baylor,52,,,2588,Southwestern University,7,,,0.0
401279165,2020,4,False,2678,VMI,14,,,231,Furman,13,30.39,,0.0
401282898,2020,4,True,2347,Louisiana College,23,,,2194,East Texas Baptist University,17,,,0.0
401282899,2020,4,False,2639,Texas Lutheran,24,,,2834,Sul Ross State,3,,,0.0
401282917,2020,4,False,2757,Berry College,54,,,2519,Rhodes College,7,,,0.0
401282897,2020,4,False,241,McMurry,7,,,2810,Hardin-Simmons,49,,,
401309014,2020,4,False,2079,Bridgewater (VA),27,,,2828,Shenandoah,21,,,0.0
401285248,2020,4,False,122666,Wilson,28,,,101784,ERSKINE,30,,,
401319097,2020,4,False,2010,Alabama A&M,2,52.37,,2016,Alcorn State,0,29.54,,
401279042,2020,4,False,2241,Gardner-Webb,42,28.16,,2210,Elon,20,55.95,,0.0
401279077,2020,4,False,2627,Tarleton State,14,,,3101,Utah Tech,26,,,
401282285,2020,4,False,2464,Northern Arizona,34,41.84,,253,Southern Utah,33,,19.83333333333333,0.0
401302786,2020,4,False,3,Birmingham-Southern,42,,,2121,Centre College Kentucky,35,,,0.0
401279166,2020,4,False,2382,Mercer,42,25.92,,2643,The Citadel,28,23.94,,
401279200,2020,4,False,2447,Nicholls,55,,,2320,Lamar,0,13.33,,0.0
401282284,2020,4,False,304,Idaho State,21,32.78,,2692,Weber State,49,66.96,,
401281552,2020,4,False,70,Idaho,28,47.38,,331,Eastern Washington,21,30.41,,
401279201,2020,4,False,2534,Sam Houston,43,81.65,,2545,SE Louisiana,38,58.98,,
401283021,2020,4,False,2486,Pacific Lutheran,3,,,2508,Puget Sound,20,,,
401279107,2020,5,False,2197,Eastern Illinois,7,25.8,,2546,Southeast Missouri State,47,41.44,,
401279109,2020,5,False,2046,Austin Peay,27,149.28,,2634,Tennessee State,20,80.11,,
401279108,2020,5,False,93,Murray State,14,44.74,,2630,UT Martin,10,72.15,,0.0
401279110,2020,5,False,55,Jacksonville State,27,,,2635,Tennessee Tech,10,25.67,,0.0
401279806,2020,5,False,155,North Dakota,21,,,233,South Dakota,10,26.27,,0.0
401285061,2020,5,False,2213,Emory & Henry College,47,,,2896,Southern Virginia,14,,,0.0
401285063,2020,5,False,2828,Shenandoah,0,,,297,Hampden-Sydney,26,,,
401279044,2020,5,False,160,New Hampshire,20,7.81,,399,UAlbany,24,30.44,,
401285062,2020,5,False,2516,Randolph-Macon,25,,,2079,Bridgewater (VA),13,,,0.0
401282916,2020,5,False,386,Trinity University TX,3,,,418,Hendrix College,13,,,
401279045,2020,5,False,48,Delaware,37,29.77,,311,Maine,0,72.07,,0.0
401285191,2020,5,False,2256,Greensboro College,14,,,291,Methodist,48,,,
401279810,2020,5,False,2754,Youngstown State,22,35.85,,79,Southern Illinois,30,96.82,,
401279046,2020,5,False,2619,Stony Brook,13,68.32,,222,Villanova,16,,,
401279047,2020,5,False,257,Richmond,21,49.75,,2729,William & Mary,14,12.39,,
401280794,2020,5,False,2241,Gardner-Webb,31,28.16,,2506,Presbyterian,24,,,0.0
401279225,2020,5,False,2755,Grambling,28,95.67,,2296,Jackson State,33,,9.583333333333334,
401279172,2020,5,False,2717,Western Carolina,7,12.53,,2678,VMI,30,,,
401279171,2020,5,False,231,Furman,44,30.39,,2535,Samford,37,70.54,,0.0
401282901,2020,5,False,2810,Hardin-Simmons,33,,,2639,Texas Lutheran,14,,,0.0
401282912,2020,5,False,2045,Austin,27,,,2398,Millsaps,17,,,0.0
401285249,2020,5,False,2206,Edward Waters,21,,,101784,ERSKINE,20,,,0.0
401279169,2020,5,False,2643,The Citadel,24,23.94,,236,Chattanooga,25,150.93,,
401285115,2020,5,False,2233,Franklin,55,,,2023,Anderson (IN),48,,,0.0
401310288,2020,5,False,2569,South Carolina State,7,32.5,,2010,Alabama A&M,31,52.37,,
401285113,2020,5,False,2362,Manchester,14,,,2074,Bluffton,49,,,
401310821,2020,5,False,2980,Ohio Wesleyan,21,,,83,Depauw,35,,,
401285116,2020,5,False,86,Rose-Hulman,52,,,190,Defiance College,6,,,0.0
401282903,2020,5,False,2194,East Texas Baptist University,28,,,2371,Mary Hardin-Baylor,30,,,
401282900,2020,5,False,2834,Sul Ross State,34,,,2758,Howard Payne,53,,,
401282902,2020,5,False,2056,Belhaven,33,,,2347,Louisiana College,24,,,0.0
401282288,2020,5,False,253,Southern Utah,24,,19.83333333333333,304,Idaho State,26,32.78,,
401310940,2020,5,False,2695,West Alabama,27,,,2336,Limestone,17,,,0.0
401319098,2020,5,False,2016,Alcorn State,0,29.54,,2011,Alabama State,2,136.54,,
401279226,2020,5,False,2582,Southern,30,22.17,,2029,Arkansas-Pine Bluff,33,15.35,,1.0
401285192,2020,5,False,2047,Averett,10,,,2913,Brevard College,19,,,
401279808,2020,5,False,2623,Missouri State,0,85.24,,2449,North Dakota State,25,61.62,,1.0
401279809,2020,5,False,2571,South Dakota State,45,,,2710,Western Illinois,10,53.01,,0.0
401282287,2020,5,False,70,Idaho,17,47.38,,302,UC Davis,27,50.8,,
401279085,2020,5,False,2627,Tarleton State,39,,,2401,Mississippi College,14,,,0.0
401283022,2020,5,False,2508,Puget Sound,12,,,2721,Whitworth,30,,,
401279202,2020,5,False,2320,Lamar,20,13.33,,2916,Incarnate Word,42,81.78,5.666666666666667,
401281573,2020,5,False,331,Eastern Washington,45,30.41,,2464,Northern Arizona,13,41.84,,0.0
401279807,2020,5,False,2460,Northern Iowa,20,30.66,,2287,Illinois State,10,67.52,,0.0
401285203,2020,5,False,2444,Newberry,21,,,2839,Greeneville,6,,,0.0
401286313,2020,5,False,2121,Centre College Kentucky,17,,,2757,Berry College,18,,,
401279204,2020,5,False,2466,Northwestern State,24,23.16,,2447,Nicholls,31,,,
401279203,2020,5,False,2545,SE Louisiana,25,58.98,,2377,McNeese,20,,,0.0
401279227,2020,5,False,2504,Prairie View A&M,20,91.02,,2640,Texas Southern,19,143.43,,0.0
401279078,2020,5,True,166,New Mexico State,36,143.36,,3101,Utah Tech,29,,,0.0
401283998,2020,6,False,2184,Duquesne,30,42.21,,2529,Sacred Heart,27,14.46,,
401283997,2020,6,False,2341,Long Island University,24,,,2803,Bryant,19,6.3,,0.0
401302341,2020,6,False,2630,UT Martin,28,72.15,,2197,Eastern Illinois,15,25.8,,
401302339,2020,6,False,2546,Southeast Missouri State,21,41.44,,93,Murray State,24,44.74,,
401302338,2020,6,False,2634,Tennessee State,16,80.11,,55,Jacksonville State,38,,,
401285229,2020,6,False,437,Lake Erie,3,,,2477,Ohio Dominican,28,,,
401311994,2020,6,False,341,Frostburg State,27,,,112335,Wheeling,20,,,0.0
401285065,2020,6,False,2213,Emory & Henry College,47,,,2258,Guilford College,6,,,0.0
401285204,2020,6,False,2444,Newberry,20,,,2331,Lenoir-Rhyne,27,,,
401285195,2020,6,False,291,Methodist,35,,,2047,Averett,23,,,0.0
401285152,2020,6,False,332,Muskingum University,15,,,426,University of Mount Union,51,,,
401285151,2020,6,False,2733,Wilmington (OH),26,,,424,Capital,21,,,0.0
401285205,2020,6,False,2369,Mars Hill,20,,,2839,Greeneville,58,,,
401285066,2020,6,False,366,Ferrum,16,,,2079,Bridgewater (VA),26,,,
401285150,2020,6,False,2302,John Carroll University,28,,,188,Baldwin Wallace,17,,,0.0
401285149,2020,6,False,427,Ohio Northern,17,,,359,Otterbein,7,,,0.0
401285375,2020,6,False,2249,Glenville State,7,,,2882,UNC Pembroke,30,,,
401279050,2020,6,False,311,Maine,38,72.07,,399,UAlbany,34,30.44,,
401315493,2020,6,True,2846,Wesley College,30,,,2532,Salisbury,32,,,
401279051,2020,6,False,48,Delaware,31,29.77,,2619,Stony Brook,3,68.32,,0.0
401286013,2020,6,False,2329,Lehigh,3,,,107,Holy Cross,20,,,
401286394,2020,6,False,2086,Butler,14,,,2674,Valparaiso,24,,,
401286397,2020,6,False,2506,Presbyterian,31,,,2413,Morehead State,16,,,0.0
401285208,2020,6,False,2842,UVA Wise,37,,,2105,Carson-Newman College,40,,,
401286395,2020,6,False,56,Stetson,20,,,2166,Davidson,26,,,
401279029,2020,6,False,338,Kennesaw State,24,16.24,,2127,Charleston Southern,19,,,0.0
401279049,2020,6,False,222,Villanova,37,,,227,Rhode Island,40,28.5,,
401279052,2020,6,False,2210,Elon,14,55.95,,257,Richmond,38,49.75,,1.0
401279173,2020,6,False,2193,East Tennessee State,13,60.39,,231,Furman,17,30.39,,1.0
401279175,2020,6,False,2717,Western Carolina,21,12.53,,2643,The Citadel,14,23.94,,0.0
401279176,2020,6,False,2535,Samford,37,70.54,,2747,Wofford,31,7.83,,
401279205,2020,6,False,2377,McNeese,26,,,2320,Lamar,27,13.33,,
401279206,2020,6,False,2534,Sam Houston,71,81.65,,2447,Nicholls,17,,,0.0
401279813,2020,6,False,2710,Western Illinois,21,53.01,,155,North Dakota,38,,,
401279814,2020,6,False,79,Southern Illinois,17,96.82,,2460,Northern Iowa,16,30.66,,
401315494,2020,6,False,2871,Kean,12,,,2818,Montclair State,41,,,
401311093,2020,6,True,386,Trinity University TX,38,,,3,Birmingham-Southern,15,,,0.0
401285377,2020,6,False,2707,West Virginia State,38,,,455,West Virginia Wesleyan,13,,,0.0
401285228,2020,6,False,2273,Hillsdale,24,,,2224,Findlay,45,,,
401285227,2020,6,False,2682,Walsh,14,,,2838,Tiffin,21,,,
401285194,2020,6,False,2913,Brevard College,27,,,2938,Huntingdon College (AL),3,,,0.0
401285118,2020,6,False,2362,Manchester,3,,,2233,Franklin,50,,,
401279174,2020,6,False,2678,VMI,41,,,2382,Mercer,14,25.92,,0.0
401285120,2020,6,False,2074,Bluffton,35,,,2023,Anderson (IN),27,,,0.0
401285119,2020,6,False,2419,Mount St. Joseph,21,,,86,Rose-Hulman,31,,,
401279812,2020,6,False,233,South Dakota,24,26.27,,2623,Missouri State,27,85.24,,
401310937,2020,6,False,2810,Hardin-Simmons,41,,,2758,Howard Payne,14,,,0.0
401285376,2020,6,False,587,Notre Dame College,70,,,2699,West Liberty,7,,,0.0
401307328,2020,6,True,2347,Louisiana College,34,,,2588,Southwestern University,31,,,0.0
401285117,2020,6,False,190,Defiance College,12,,,2262,Hanover College,56,,,
401286396,2020,6,False,2181,Drake,10,,,301,San Diego,13,,,
401307301,2020,6,False,2569,South Carolina State,17,32.5,,2169,Delaware State,9,,,0.0
401283024,2020,6,False,2721,Whitworth,56,,,2486,Pacific Lutheran,23,,,0.0
401279815,2020,6,False,2571,South Dakota State,19,,,2754,Youngstown State,17,35.85,,0.0
401282290,2020,6,False,2692,Weber State,18,66.96,,302,UC Davis,13,50.8,,
401307327,2020,6,False,2639,Texas Lutheran,51,,,241,McMurry,21,,,0.0
401281548,2020,6,False,13,Cal Poly,24,25.44,,253,Southern Utah,34,,19.83333333333333,
401285992,2020,6,False,322,Lafayette,24,,,2142,Colgate,10,,,0.0
401279811,2020,6,False,2449,North Dakota State,21,61.62,,2287,Illinois State,13,67.52,,0.0
401279222,2020,6,True,2755,Grambling,10,95.67,,2504,Prairie View A&M,17,91.02,,1.0
401285206,2020,6,False,122666,Wilson,14,,,351,Wingate,55,,,
401285250,2020,6,False,101784,ERSKINE,13,,,2560,Shorter,24,,,
401285076,2020,6,True,2695,West Alabama,36,,,2542,Savannah St,28,,,0.0
401281574,2020,6,False,304,Idaho State,42,32.78,,331,Eastern Washington,46,30.41,,1.0
401311094,2020,6,True,418,Hendrix College,20,,,2757,Berry College,21,,,
401279207,2020,6,False,2545,SE Louisiana,27,58.98,,2466,Northwestern State,24,23.16,,
401279079,2020,6,False,3101,Utah Tech,15,,,2627,Tarleton State,37,,,
401279220,2020,6,False,2296,Jackson State,43,,9.583333333333334,2400,Mississippi Valley State,7,,,0.0
401279063,2020,6,False,2729,William & Mary,10,12.39,,256,James Madison,38,118.89,12.944444444444445,
401284000,2020,7,False,2681,Wagner,0,20.43,,2184,Duquesne,17,42.21,,
401284001,2020,7,False,2529,Sacred Heart,35,14.46,,2341,Long Island University,7,,,0.0
401284002,2020,7,False,2771,Merrimack,7,,,2803,Bryant,14,6.3,,
401311095,2020,7,True,2045,Austin,20,,,2121,Centre College Kentucky,44,,,
401279112,2020,7,False,2630,UT Martin,20,72.15,,55,Jacksonville State,37,,,
401279113,2020,7,False,2634,Tennessee State,21,80.11,,2197,Eastern Illinois,20,25.8,,
401279111,2020,7,False,2635,Tennessee Tech,31,25.67,,93,Murray State,36,44.74,,
401279114,2020,7,False,2546,Southeast Missouri State,42,41.44,,2046,Austin Peay,49,149.28,,
401311096,2020,7,True,2398,Millsaps,27,,,2519,Rhodes College,13,,,0.0
401285379,2020,7,False,2017,Alderson-Broaddus,6,,,112335,Wheeling,34,,,
401285068,2020,7,False,2258,Guilford College,12,,,297,Hampden-Sydney,43,,,
401285069,2020,7,False,2828,Shenandoah,38,,,2516,Randolph-Macon,52,,,
401285155,2020,7,False,426,University of Mount Union,52,,,2302,John Carroll University,27,,,0.0
401285067,2020,7,False,2896,Southern Virginia,28,,,366,Ferrum,33,,,
401285153,2020,7,False,359,Otterbein,10,,,2733,Wilmington (OH),17,,,
401285154,2020,7,False,191,Heidelberg,66,,,424,Capital,13,,,0.0
401285156,2020,7,False,317,Marietta,30,,,188,Baldwin Wallace,20,,,0.0
401285175,2020,7,False,2849,Westminster (PA),42,,,2062,Bethany (WV),21,,,0.0
401310819,2020,7,False,2980,Ohio Wesleyan,37,,,2171,Denison University,38,,,
401310936,2020,7,False,146,Grove City College,37,,,2614,Saint Vincent,14,,,0.0
401286401,2020,7,False,2413,Morehead State,31,,,56,Stetson,14,,,0.0
401279177,2020,7,False,231,Furman,18,30.39,,236,Chattanooga,20,150.93,,
401279816,2020,7,False,2287,Illinois State,26,67.52,,2710,Western Illinois,18,53.01,,
401279819,2020,7,False,2754,Youngstown State,28,35.85,,233,South Dakota,10,26.27,,
401310826,2020,7,False,367,Gannon,22,,,110254,Davenport,30,,,
401285380,2020,7,False,2128,University Of Charleston (WV),45,,,2249,Glenville State,0,,,0.0
401285197,2020,7,False,286,North Carolina Wesleyan,9,,,291,Methodist,24,,,
401279056,2020,7,False,2619,Stony Brook,19,68.32,,311,Maine,35,72.07,,
401282872,2020,7,False,2758,Howard Payne,24,,,241,McMurry,3,,,0.0
401286399,2020,7,False,2166,Davidson,41,,,2506,Presbyterian,24,,,0.0
401282893,2020,7,False,2371,Mary Hardin-Baylor,65,,,2347,Louisiana College,20,,,0.0
401279054,2020,7,False,399,UAlbany,10,30.44,,227,Rhode Island,17,28.5,,1.0
401279080,2020,7,False,338,Kennesaw State,37,16.24,,3101,Utah Tech,27,,,0.0
401279178,2020,7,False,2643,The Citadel,21,23.94,,2193,East Tennessee State,28,60.39,,
401279179,2020,7,False,2535,Samford,37,70.54,,2678,VMI,38,,,
401279231,2020,7,False,2755,Grambling,21,95.67,,2029,Arkansas-Pine Bluff,48,15.35,,1.0
401279820,2020,7,False,79,Southern Illinois,3,96.82,,2571,South Dakota State,44,,,
401313889,2020,7,False,2707,West Virginia State,21,,,2882,UNC Pembroke,48,,,
401285273,2020,7,False,2651,Trine University,16,,,2790,Albion,27,,,
401285272,2020,7,False,2800,Alma,6,,,2003,Adrian,21,,,
401285231,2020,7,False,2682,Walsh,0,,,2477,Ohio Dominican,17,,,
401285209,2020,7,False,2107,Catawba,21,,,2444,Newberry,28,,,
401285140,2020,7,False,101,Eureka College,7,,,2044,Aurora,42,,,
401285139,2020,7,False,2151,Concordia University Chicago,0,,,2283,Benedictine University,28,,,
401285122,2020,7,False,190,Defiance College,22,,,2362,Manchester,16,,,0.0
401285123,2020,7,False,2233,Franklin,19,,,2419,Mount St. Joseph,56,,,
401310939,2020,7,False,2588,Southwestern University,7,,,2056,Belhaven,21,,,
401310938,2020,7,False,2834,Sul Ross State,6,,,2810,Hardin-Simmons,58,,,
401310823,2020,7,False,83,Depauw,41,,,2257,Greenville,7,,,0.0
401285383,2020,7,False,587,Notre Dame College,25,,,341,Frostburg State,19,,,0.0
401285303,2020,7,False,74,Millikin,38,,,306,Illinois Wesleyan,28,,,0.0
401285199,2020,7,False,2938,Huntingdon College (AL),16,,,2373,Maryville College (TN),13,,,0.0
401285138,2020,7,False,6353,Lakeland,19,,,409,Concordia-Wisconsin,10,,,0.0
401285137,2020,7,False,2741,Wisconsin-Lutheran,28,,,2524,Rockford,14,,,0.0
401285121,2020,7,False,2262,Hanover College,51,,,2074,Bluffton,44,,,0.0
401286400,2020,7,False,2674,Valparaiso,6,,,2181,Drake,17,,,
401315495,2020,7,False,2818,Montclair State,13,,,2846,Wesley College,20,,,
401319099,2020,7,False,2400,Mississippi Valley State,2,,,2016,Alcorn State,0,29.54,,0.0
401279208,2020,7,False,2916,Incarnate Word,56,81.78,5.666666666666667,2545,SE Louisiana,45,58.98,,
401279818,2020,7,False,2449,North Dakota State,34,61.62,,155,North Dakota,13,,,0.0
401286398,2020,7,False,301,San Diego,27,,,2086,Butler,13,,,0.0
401286029,2020,7,False,2560,Shorter,52,,,2206,Edward Waters,5,,,0.0
401279057,2020,7,False,2729,William & Mary,31,12.39,,2210,Elon,10,55.95,,0.0
401279180,2020,7,False,2382,Mercer,45,25.92,,2717,Western Carolina,28,12.53,,
401279229,2020,7,False,2011,Alabama State,35,136.54,,2296,Jackson State,28,,9.583333333333334,0.0
401301853,2020,7,False,302,UC Davis,73,50.8,,13,Cal Poly,24,25.44,,
401279817,2020,7,False,2460,Northern Iowa,6,30.66,,2623,Missouri State,13,85.24,,
401279210,2020,7,False,2466,Northwestern State,7,23.16,,2377,McNeese,21,,,
401285210,2020,7,False,2331,Lenoir-Rhyne,44,,,122666,Wilson,13,,,0.0
401279086,2020,7,False,2627,Tarleton State,33,,,2395,Midwestern State,21,,,0.0
401279209,2020,7,False,2320,Lamar,7,13.33,,2534,Sam Houston,62,81.65,,
401285212,2020,7,False,2336,Limestone,30,,,2842,UVA Wise,24,,,0.0
401279232,2020,7,False,2640,Texas Southern,23,143.43,,2582,Southern,51,22.17,,1.0
401284005,2020,8,False,2184,Duquesne,35,42.21,,2341,Long Island University,17,,,0.0
401284003,2020,8,False,2803,Bryant,27,6.3,,2681,Wagner,7,20.43,,0.0
401284004,2020,8,False,2529,Sacred Heart,26,14.46,,2771,Merrimack,9,,,0.0
401289259,2020,8,False,354,Olivet College,55,,,126,Kalamazoo,14,,,0.0
401279115,2020,8,False,2197,Eastern Illinois,28,25.8,,2635,Tennessee Tech,20,25.67,,
401279116,2020,8,False,2046,Austin Peay,34,149.28,,2630,UT Martin,37,72.15,,1.0
401279117,2020,8,False,93,Murray State,35,44.74,,2634,Tennessee State,13,80.11,,0.0
401279118,2020,8,False,55,Jacksonville State,21,,,2546,Southeast Missouri State,3,41.44,,0.0
401315496,2020,8,False,2532,Salisbury,30,,,3112,Christopher Newport,5,,,0.0
401285267,2020,8,False,390,Utica,30,,,365,Alfred University,17,,,0.0
401285185,2020,8,False,2102,Carnegie Mellon,14,,,146,Grove City College,24,,,
401285200,2020,8,False,291,Methodist,52,,,2256,Greensboro College,20,,,0.0
401285177,2020,8,False,2845,Waynesburg,0,,,2686,Washington & Jefferson,66,,,
401285160,2020,8,False,2302,John Carroll University,34,,,317,Marietta,10,,,0.0
401285093,2020,8,False,2079,Bridgewater (VA),18,,,2828,Shenandoah,19,,,
401285171,2020,8,False,2062,Bethany (WV),6,,,2614,Saint Vincent,35,,,
401285072,2020,8,False,2258,Guilford College,12,,,366,Ferrum,41,,,
401285158,2020,8,False,2733,Wilmington (OH),16,,,191,Heidelberg,38,,,
401285157,2020,8,False,424,Capital,6,,,427,Ohio Northern,47,,,
401285172,2020,8,False,2242,Geneva,21,,,2849,Westminster (PA),52,,,
401285299,2020,8,False,415,NEWBERG,9,,,205,Pacific (OR),26,,,
401286405,2020,8,False,2506,Presbyterian,21,,,301,San Diego,24,,,
401279825,2020,8,False,2710,Western Illinois,20,53.01,,2460,Northern Iowa,34,30.66,,1.0
401286403,2020,8,False,2166,Davidson,24,,,2413,Morehead State,21,,,0.0
401279211,2020,8,False,2447,Nicholls,75,,,2916,Incarnate Word,45,81.78,5.666666666666667,0.0
401279181,2020,8,False,236,Chattanooga,28,150.93,,2382,Mercer,35,25.92,,1.0
401279062,2020,8,False,227,Rhode Island,21,28.5,,48,Delaware,35,29.77,,
401285201,2020,8,False,286,North Carolina Wesleyan,29,,,2047,Averett,33,,,
401285388,2020,8,False,2128,University Of Charleston (WV),42,,,2882,UNC Pembroke,24,,,0.0
401310935,2020,8,False,2477,Ohio Dominican,13,,,2316,Kentucky Wesleyan,9,,,0.0
401315482,2020,8,False,2834,Sul Ross State,25,,,2588,Southwestern University,16,,,0.0
401279033,2020,8,False,2405,Monmouth,35,28.91,,2127,Charleston Southern,17,,,0.0
401279182,2020,8,False,2643,The Citadel,7,23.94,,2535,Samford,55,70.54,,
401279183,2020,8,False,2747,Wofford,31,7.83,,2678,VMI,36,,,
401285386,2020,8,False,2249,Glenville State,27,,,2707,West Virginia State,37,,,
401285390,2020,8,False,2017,Alderson-Broaddus,6,,,2699,West Liberty,38,,,
401316494,2020,8,False,2283,Benedictine University,38,,,101,Eureka College,28,,,0.0
401315946,2020,8,False,107,Holy Cross,34,,,2230,Fordham,24,22.86,,0.0
401285094,2020,8,False,297,Hampden-Sydney,0,,,2516,Randolph-Macon,28,,,
401285096,2020,8,False,2141,Coe College,13,,,49,Dubuque,17,,,
401285143,2020,8,False,2044,Aurora,49,,,2151,Concordia University Chicago,13,,,0.0
401285275,2020,8,False,126,Kalamazoo,0,,,2800,Alma,13,,,
401285276,2020,8,False,2651,Trine University,33,,,2003,Adrian,23,,,0.0
401285286,2020,8,False,433,Westminster College (MO),30,,,2257,Greenville,22,,,0.0
401279184,2020,8,False,2193,East Tennessee State,24,60.39,,2717,Western Carolina,17,12.53,,
401279061,2020,8,False,399,UAlbany,7,30.44,,2619,Stony Brook,21,68.32,,
401285125,2020,8,False,2074,Bluffton,21,,,2233,Franklin,26,,,
401285127,2020,8,False,2023,Anderson (IN),55,,,2362,Manchester,27,,,0.0
401285144,2020,8,False,2524,Rockford,7,,,6353,Lakeland,35,,,
401315481,2020,8,True,2347,Louisiana College,31,,,241,McMurry,32,,,
401315480,2020,8,False,2758,Howard Payne,17,,,2056,Belhaven,38,,,
401315479,2020,8,False,2194,East Texas Baptist University,51,,,2639,Texas Lutheran,20,,,0.0
401315478,2020,8,False,2810,Hardin-Simmons,15,,,2371,Mary Hardin-Baylor,23,,,
401286030,2020,8,False,2560,Shorter,18,,,2232,Fort Valley State,36,,,
401285387,2020,8,False,455,West Virginia Wesleyan,14,,,2148,Concord University,52,,,
401285349,2020,8,False,2042,Augustana (IL),0,,,306,Illinois Wesleyan,12,,,
401285202,2020,8,False,2373,Maryville College (TN),3,,,2913,Brevard College,14,,,
401285141,2020,8,False,409,Concordia-Wisconsin,39,,,2741,Wisconsin-Lutheran,38,,,0.0
401285128,2020,8,False,2262,Hanover College,27,,,86,Rose-Hulman,24,,,0.0
401286402,2020,8,False,2674,Valparaiso,28,,,2086,Butler,25,,,0.0
401319096,2020,8,False,2582,Southern,2,22.17,,2016,Alcorn State,0,29.54,,0.0
401282293,2020,8,False,2692,Weber State,28,66.96,,2464,Northern Arizona,23,41.84,,
401279822,2020,8,False,2623,Missouri State,30,85.24,,79,Southern Illinois,27,96.82,,0.0
401282291,2020,8,False,70,Idaho,33,47.38,,253,Southern Utah,32,,19.83333333333333,0.0
401279060,2020,8,False,257,Richmond,31,49.75,,2210,Elon,17,55.95,,0.0
401285126,2020,8,False,2419,Mount St. Joseph,41,,,190,Defiance College,22,,,0.0
401314428,2020,8,False,2083,Bucknell,38,,,322,Lafayette,13,,,0.0
401302313,2020,8,False,2320,Lamar,31,13.33,,2466,Northwestern State,23,23.16,,0.0
401282292,2020,8,False,302,UC Davis,31,50.8,,304,Idaho State,27,32.78,,
401285252,2020,8,False,101784,ERSKINE,7,,,2839,Greeneville,47,,,
401281549,2020,8,False,331,Eastern Washington,62,30.41,,13,Cal Poly,10,25.44,,
401285214,2020,8,False,351,Wingate,33,,,2107,Catawba,6,,,0.0
401285233,2020,8,False,2224,Findlay,35,,,2682,Walsh,0,,,0.0
401285215,2020,8,False,122666,Wilson,17,,,2444,Newberry,20,,,
401315484,2020,8,False,263,Loras College,61,,,583,Northwestern (MN),13,,,0.0
401279087,2020,8,False,2627,Tarleton State,38,,,196,Northeastern State,0,,,0.0
401279081,2020,8,False,3101,Utah Tech,60,,,2237,Fort Lewis,0,,,0.0
401284006,2020,9,False,2803,Bryant,10,6.3,,2184,Duquesne,20,42.21,,
401284007,2020,9,False,2341,Long Island University,31,,,2771,Merrimack,20,,,0.0
401279122,2020,9,False,55,Jacksonville State,10,,,2046,Austin Peay,13,149.28,,
401279121,2020,9,False,2546,Southeast Missouri State,24,41.44,,2635,Tennessee Tech,21,25.67,,
401279119,2020,9,False,2634,Tennessee State,26,80.11,,2630,UT Martin,24,72.15,,
401279120,2020,9,False,93,Murray State,41,44.74,,2197,Eastern Illinois,27,25.8,,
401285268,2020,9,False,365,Alfred University,17,,,390,Utica,10,,,0.0
401285254,2020,9,False,2586,Southwest Baptist,20,,,2654,Truman State,38,,,
401285176,2020,9,False,2845,Waynesburg,0,,,2102,Carnegie Mellon,51,,,
401310942,2020,9,False,2686,Washington & Jefferson,20,,,2242,Geneva,6,,,0.0
401279212,2020,9,False,2466,Northwestern State,16,23.16,,2534,Sam Houston,24,81.65,,
401279088,2020,9,False,2627,Tarleton State,14,,,2191,East Central (OK),21,,,
401289967,2020,9,False,2106,Carthage,21,,,75,North Park,0,,,0.0
401285277,2020,9,False,2003,Adrian,28,,,354,Olivet College,27,,,0.0
401315492,2020,9,False,3112,Christopher Newport,7,,,2846,Wesley College,23,,,
401310824,2020,9,False,2748,Wooster,38,,,2980,Ohio Wesleyan,52,,,
401315487,2020,9,False,2818,Montclair State,28,,,2970,William Paterson,0,,,0.0
401285219,2020,9,False,351,Wingate,21,,,2331,Lenoir-Rhyne,44,,,
401285164,2020,9,False,426,University of Mount Union,20,,,317,Marietta,3,,,0.0
401285217,2020,9,False,2369,Mars Hill,28,,,2842,UVA Wise,40,,,
401285162,2020,9,False,427,Ohio Northern,35,,,2733,Wilmington (OH),22,,,0.0
401285163,2020,9,False,359,Otterbein,14,,,191,Heidelberg,44,,,
401318734,2020,9,False,2553,Sewanee,21,,,2256,Greensboro College,24,,,
401317736,2020,9,False,2329,Lehigh,0,,,2083,Bucknell,6,,,
401279068,2020,9,False,311,Maine,17,72.07,,222,Villanova,44,,,
401318653,2020,9,False,2913,Brevard College,44,,,286,North Carolina Wesleyan,14,,,0.0
401312900,2020,9,False,2241,Gardner-Webb,19,28.16,,2405,Monmouth,48,28.91,,
401318821,2020,9,False,297,Hampden-Sydney,49,,,366,Ferrum,21,,,0.0
401285075,2020,9,False,2444,Newberry,54,,,101784,ERSKINE,14,,,0.0
401285146,2020,9,False,2151,Concordia University Chicago,3,,,101,Eureka College,26,,,
401285255,2020,9,False,2825,Quincy,0,,,2292,Indianapolis,38,,,
401318733,2020,9,False,2516,Randolph-Macon,13,,,2213,Emory & Henry College,10,,,0.0
401317739,2020,9,False,47,Howard,28,,,2169,Delaware State,37,,,
401286409,2020,9,False,56,Stetson,3,,,2506,Presbyterian,26,,,
401279214,2020,9,False,2377,McNeese,43,,,2447,Nicholls,31,,,0.0
401279188,2020,9,False,2747,Wofford,24,7.83,,2643,The Citadel,28,23.94,,
401279036,2020,9,False,338,Kennesaw State,35,16.24,,2523,Robert Morris,0,26.82,,0.0
401285130,2020,9,False,2419,Mount St. Joseph,47,,,2074,Bluffton,21,,,0.0
401285129,2020,9,False,190,Defiance College,42,,,2023,Anderson (IN),19,,,0.0
401279186,2020,9,False,2678,VMI,20,,,2193,East Tennessee State,24,60.39,,
401285131,2020,9,False,86,Rose-Hulman,34,,,2233,Franklin,14,,,0.0
401285147,2020,9,False,2283,Benedictine University,30,,,2044,Aurora,36,,,
401279126,2020,9,False,2197,Eastern Illinois,23,25.8,,55,Jacksonville State,44,,,
401279125,2020,9,False,2630,UT Martin,16,72.15,,2546,Southeast Missouri State,21,41.44,,1.0
401286408,2020,9,False,2181,Drake,7,,,2674,Valparaiso,10,,,
401285287,2020,9,False,2257,Greenville,28,,,2295,Iowa Wesleyan,25,,,0.0
401285099,2020,9,False,2964,Central College,49,,,2564,Simpson College (IA),14,,,0.0
401285100,2020,9,False,67,Luther,21,,,263,Loras College,45,,,
401285145,2020,9,False,2741,Wisconsin-Lutheran,14,,,6353,Lakeland,62,,,
401285148,2020,9,False,2524,Rockford,20,,,409,Concordia-Wisconsin,14,,,0.0
401279124,2020,9,False,2635,Tennessee Tech,24,25.67,,2634,Tennessee State,10,80.11,,0.0
401285288,2020,9,False,2891,Ripon,16,,,446,Martin Luther,34,,,
401286407,2020,9,False,301,San Diego,25,,,2166,Davidson,31,,,
401279123,2020,9,False,2046,Austin Peay,34,149.28,,93,Murray State,31,44.74,,
401310333,2020,9,False,2011,Alabama State,7,136.54,,2569,South Carolina State,14,32.5,,1.0
401286406,2020,9,False,2086,Butler,14,,,2413,Morehead State,35,,,
401279187,2020,9,False,2382,Mercer,26,25.92,,231,Furman,14,30.39,,0.0
401285220,2020,9,False,2839,Greeneville,49,,,2336,Limestone,17,,,0.0
401282298,2020,9,False,253,Southern Utah,16,,19.83333333333333,2692,Weber State,19,66.96,,
401286021,2020,9,False,2230,Fordham,40,22.86,,2142,Colgate,8,,,0.0
401285305,2020,9,False,2042,Augustana (IL),34,,,74,Millikin,40,,,
401279237,2020,9,False,2400,Mississippi Valley State,17,,,2029,Arkansas-Pine Bluff,24,15.35,,
401281575,2020,9,False,302,UC Davis,22,50.8,,331,Eastern Washington,32,30.41,,1.0
401280803,2020,9,False,2296,Jackson State,14,,9.583333333333334,2582,Southern,34,22.17,,
401285238,2020,9,False,2273,Hillsdale,7,,,2838,Tiffin,28,,,
401285389,2020,9,False,2699,West Liberty,19,,,112335,Wheeling,42,,,
401282296,2020,9,False,304,Idaho State,24,32.78,,70,Idaho,22,47.38,,0.0
401285289,2020,9,False,583,Northwestern (MN),27,,,2399,Minnesota Morris,23,,,0.0
401285236,2020,9,False,2316,Kentucky Wesleyan,6,,,2224,Findlay,54,,,
401279213,2020,9,False,2545,SE Louisiana,42,58.98,,2320,Lamar,12,13.33,,
401285257,2020,9,False,2911,William Jewell,28,,,2402,Missouri S&T,49,,,
401279830,2020,9,False,2710,Western Illinois,27,53.01,,2754,Youngstown State,24,35.85,,
401319479,2020,9,False,256,James Madison,23,118.89,12.944444444444445,257,Richmond,6,49.75,,
401310827,2020,10,False,110254,Davenport,37,,,367,Gannon,22,,,0.0
401285167,2020,10,False,424,Capital,10,,,359,Otterbein,47,,,
401285184,2020,10,False,2102,Carnegie Mellon,20,,,2242,Geneva,7,,,0.0
401285181,2020,10,False,146,Grove City College,17,,,2849,Westminster (PA),24,,,
401310943,2020,10,False,2062,Bethany (WV),40,,,2845,Waynesburg,7,,,0.0
401285166,2020,10,False,191,Heidelberg,42,,,427,Ohio Northern,35,,,0.0
401285165,2020,10,False,317,Marietta,29,,,332,Muskingum University,7,,,0.0
401285298,2020,10,False,205,Pacific (OR),7,,,415,NEWBERG,35,,,
401286411,2020,10,False,2506,Presbyterian,29,,,2166,Davidson,24,,,0.0
401312901,2020,10,False,2127,Charleston Southern,27,,,2523,Robert Morris,14,26.82,,0.0
401286412,2020,10,False,2413,Morehead State,28,,,2674,Valparaiso,24,,,0.0
401286410,2020,10,False,2086,Butler,7,,,2181,Drake,33,,,
401285397,2020,10,False,2128,University Of Charleston (WV),39,,,2707,West Virginia State,10,,,0.0
401317737,2020,10,False,322,Lafayette,20,,,2329,Lehigh,13,,,0.0
401286418,2020,10,False,149,Montana,59,53.39,,2120,Central Washington,3,,,0.0
401285188,2020,10,False,2614,Saint Vincent,14,,,2686,Washington & Jefferson,42,,,
401285240,2020,10,False,2838,Tiffin,21,,,2316,Kentucky Wesleyan,0,,,0.0
401285241,2020,10,False,2682,Walsh,21,,,2273,Hillsdale,31,,,
401285102,2020,10,True,6845,Nebraska Wesleyan,19,,,2964,Central College,37,,,
401285400,2020,10,False,341,Frostburg State,55,,,2017,Alderson-Broaddus,0,,,0.0
401279038,2020,10,False,2405,Monmouth,42,28.91,,338,Kennesaw State,17,16.24,,
401317738,2020,10,False,2083,Bucknell,17,,,2230,Fordham,31,22.86,,
401279190,2020,10,False,2643,The Citadel,26,23.94,,231,Furman,7,30.39,,0.0
401285133,2020,10,False,2074,Bluffton,23,,,190,Defiance College,20,,,0.0
401285401,2020,10,False,2249,Glenville State,14,,,2699,West Liberty,37,,,
401285135,2020,10,False,2023,Anderson (IN),30,,,2419,Mount St. Joseph,49,,,
401285134,2020,10,False,2233,Franklin,21,,,2262,Hanover College,56,,,
401285291,2020,10,False,2399,Minnesota Morris,14,,,446,Martin Luther,44,,,
401319267,2020,10,False,409,Concordia-Wisconsin,33,,,2891,Ripon,23,,,0.0
401319114,2020,10,False,471,Stevenson,28,,,111674,Reading,10,,,0.0
401285290,2020,10,True,2295,Iowa Wesleyan,13,,,433,Westminster College (MO),20,,,
401319100,2020,10,False,2016,Alcorn State,0,29.54,,2640,Texas Southern,2,143.43,,
401285221,2020,10,False,2331,Lenoir-Rhyne,23,,,2839,Greeneville,28,,,
401279832,2020,10,False,2623,Missouri State,21,85.24,,2754,Youngstown State,10,35.85,,
401282300,2020,10,False,2692,Weber State,20,66.96,,304,Idaho State,15,32.78,,
401316433,2020,10,False,2974,Shepherd,38,,,2385,Mercyhurst,14,,,0.0
401279239,2020,10,False,2296,Jackson State,43,,9.583333333333334,2010,Alabama A&M,52,52.37,,
401279240,2020,10,False,2011,Alabama State,42,136.54,,2400,Mississippi Valley State,17,,,0.0
401319264,2020,10,False,262,Lake Forest College,27,,,2257,Greenville,2,,,0.0
401319115,2020,10,False,112335,Wheeling,7,,,587,Notre Dame College,55,,,
401315477,2020,10,False,101784,ERSKINE,21,,,2232,Fort Valley State,45,,,
401285259,2020,10,False,2816,McKendree,30,,,2825,Quincy,8,,,0.0
401286413,2020,10,False,301,San Diego,34,,,56,Stetson,10,,,0.0
401319270,2020,10,False,101,Eureka College,48,,,2524,Rockford,29,,,0.0
401279217,2020,10,False,2447,Nicholls,45,,,2545,SE Louisiana,52,58.98,,
401281576,2020,10,False,331,Eastern Washington,38,30.41,,70,Idaho,31,47.38,,0.0
401279216,2020,10,False,2534,Sam Houston,27,81.65,,2377,McNeese,13,,,0.0
401279833,2020,10,False,2460,Northern Iowa,20,30.66,,2449,North Dakota State,23,61.62,,
401285222,2020,10,False,2444,Newberry,34,,,351,Wingate,9,,,0.0
401288265,2020,10,False,2169,Delaware State,14,,,48,Delaware,34,29.77,,
401279189,2020,10,False,2382,Mercer,21,25.92,,2193,East Tennessee State,13,60.39,,0.0
401285239,2020,10,False,2224,Findlay,10,,,2477,Ohio Dominican,14,,,
401289968,2020,10,False,306,Illinois Wesleyan,42,,,75,North Park,7,,,0.0
401285224,2020,10,False,2336,Limestone,35,,,2369,Mars Hill,42,,,
401285260,2020,10,False,2402,Missouri S&T,48,,,2586,Southwest Baptist,34,,,0.0
401282302,2020,10,False,253,Southern Utah,20,,19.83333333333333,2464,Northern Arizona,28,41.84,,
401279215,2020,10,False,2916,Incarnate Word,47,81.78,5.666666666666667,2466,Northwestern State,49,23.16,,1.0
401285261,2020,10,False,2654,Truman State,34,,,2911,William Jewell,15,,,0.0
401279129,2020,11,False,93,Murray State,14,44.74,,55,Jacksonville State,28,,,
401279127,2020,11,False,2634,Tennessee State,23,80.11,,2546,Southeast Missouri State,46,41.44,,1.0
401279130,2020,11,False,2630,UT Martin,40,72.15,,2635,Tennessee Tech,7,25.67,,
401285262,2020,11,False,2402,Missouri S&T,27,,,2654,Truman State,46,,,
401310941,2020,11,False,2849,Westminster (PA),32,,,2102,Carnegie Mellon,22,,,0.0
401285187,2020,11,False,2242,Geneva,24,,,146,Grove City College,17,,,0.0
401285351,2020,11,False,75,North Park,14,,,2042,Augustana (IL),51,,,
401299612,2020,11,False,2916,Incarnate Word,14,81.78,5.666666666666667,2534,Sam Houston,42,81.65,,1.0
401285244,2020,11,False,2477,Ohio Dominican,16,,,2838,Tiffin,31,,,
401279035,2020,11,False,2127,Charleston Southern,20,,,2241,Gardner-Webb,7,28.16,,0.0
401319877,2020,11,False,79,Southern Illinois,55,96.82,,2545,SE Louisiana,48,58.98,,
401286417,2020,11,False,2674,Valparaiso,20,,,301,San Diego,19,,,0.0
401279194,2020,11,False,2535,Samford,44,70.54,,2382,Mercer,20,25.92,,
401279075,2020,11,False,222,Villanova,20,,,48,Delaware,27,29.77,,
401310020,2020,11,False,149,Montana,48,53.39,,2502,Portland State,7,55.65,,0.0
401285284,2020,11,False,354,Olivet College,21,,,2651,Trine University,36,,,
401285282,2020,11,False,2790,Albion,49,,,2003,Adrian,34,,,0.0
401285243,2020,11,False,2316,Kentucky Wesleyan,14,,,2682,Walsh,24,,,
401285242,2020,11,False,2224,Findlay,51,,,437,Lake Erie,14,,,0.0
401285182,2020,11,False,2614,Saint Vincent,56,,,2845,Waynesburg,26,,,0.0
401285398,2020,11,False,2882,UNC Pembroke,28,,,341,Frostburg State,40,,,
401279195,2020,11,False,2678,VMI,31,,,2643,The Citadel,17,23.94,,0.0
401285112,2020,11,False,2074,Bluffton,0,,,86,Rose-Hulman,35,,,
401321513,2020,11,False,2083,Bucknell,10,,,107,Holy Cross,33,,,
401285263,2020,11,False,2911,William Jewell,50,,,2586,Southwest Baptist,55,,,
401279247,2020,11,True,2582,Southern,49,22.17,,2755,Grambling,7,95.67,,0.0
401319101,2020,11,False,2016,Alcorn State,0,29.54,,2296,Jackson State,2,,9.583333333333334,
401285109,2020,11,False,2233,Franklin,31,,,190,Defiance College,18,,,0.0
401319269,2020,11,False,409,Concordia-Wisconsin,37,,,101,Eureka College,21,,,0.0
401286416,2020,11,False,2181,Drake,24,,,2506,Presbyterian,28,,,
401317525,2020,11,False,2449,North Dakota State,17,61.62,,2571,South Dakota State,27,,,
401279246,2020,11,False,2029,Arkansas-Pine Bluff,36,15.35,,2504,Prairie View A&M,31,91.02,,0.0
401285264,2020,11,False,2292,Indianapolis,51,,,2816,McKendree,23,,,0.0
401286414,2020,11,False,2413,Morehead State,28,,,2086,Butler,18,,,0.0
401319261,2020,11,False,2286,Illinois College,14,,,262,Lake Forest College,21,,,
401321553,2020,11,False,2464,Northern Arizona,19,41.84,,70,Idaho,9,47.38,,0.0
401285110,2020,11,False,2362,Manchester,42,,,2419,Mount St. Joseph,44,,,
401285307,2020,11,False,2106,Carthage,41,,,74,Millikin,19,,,0.0
401307952,2020,11,False,2169,Delaware State,28,,,2569,South Carolina State,31,32.5,,
401279243,2020,11,True,2010,Alabama A&M,38,52.37,,2011,Alabama State,14,136.54,,0.0
401322298,2020,1,True,2010,Alabama A&M,40,52.37,,2029,Arkansas-Pine Bluff,33,15.35,,
401319259,2020,12,False,111674,Reading,15,,,388,Lebanon Valley,23,,,
401321798,2020,12,False,446,Martin Luther,21,,,124,Augsburg,24,,,
401319194,2020,12,False,2424,New Mexico Highlands,62,,,2237,Fort Lewis,26,,,0.0
401322468,2020,12,False,2849,Westminster (PA),27,,,2686,Washington & Jefferson,20,,,0.0
401322469,2020,12,False,2845,Waynesburg,14,,,2242,Geneva,21,,,
401310828,2020,12,False,367,Gannon,28,,,2385,Mercyhurst,21,,,0.0
401285245,2020,12,False,2477,Ohio Dominican,28,,,2273,Hillsdale,35,,,
401321797,2020,12,False,2534,Sam Houston,21,81.65,,2405,Monmouth,15,28.91,,
401316493,2020,12,False,354,Olivet College,7,,,2790,Albion,35,,,
401321793,2020,12,False,55,Jacksonville State,49,,,2166,Davidson,14,,,0.0
401319265,2020,12,False,262,Lake Forest College,38,,,2891,Ripon,10,,,0.0
401321790,2020,12,False,2571,South Dakota State,31,,,107,Holy Cross,3,,,0.0
401321796,2020,12,False,2449,North Dakota State,42,61.62,,331,Eastern Washington,20,30.41,,
401321791,2020,12,False,2692,Weber State,31,66.96,,79,Southern Illinois,34,96.82,,
401321795,2020,12,False,155,North Dakota,44,,,2623,Missouri State,10,85.24,,0.0
401321792,2020,12,False,48,Delaware,19,29.77,,2529,Sacred Heart,10,14.46,,
401285247,2020,12,False,2838,Tiffin,23,,,2224,Findlay,8,,,0.0
401319257,2020,12,False,388,Lebanon Valley,51,,,2015,Albright,14,,,0.0
401285246,2020,12,False,437,Lake Erie,14,,,2316,Kentucky Wesleyan,23,,,
401319260,2020,12,False,2969,Misericordia,7,,,2354,Lycoming,30,,,
401285297,2020,12,False,446,Martin Luther,39,,,561,Mayville State,31,,,0.0
401285296,2020,12,False,433,Westminster College (MO),14,,,2295,Iowa Wesleyan,35,,,
401319258,2020,12,False,2015,Albright,20,,,111674,Reading,14,,,0.0
401322679,2020,12,False,2534,Sam Houston,24,81.65,,2449,North Dakota State,20,61.62,,
401322682,2020,12,False,55,Jacksonville State,14,,,48,Delaware,20,29.77,,
401322681,2020,12,False,2571,South Dakota State,31,,,79,Southern Illinois,26,96.82,,0.0
401324108,2020,12,False,2571,South Dakota State,33,,,48,Delaware,3,29.77,,0.0
